Comment,
Program_Stmt,
Module_Nature,
Module_Name,
Local_Name,
Use_Name,
Local_Defined_Operator,
Use_Defined_Operator,
Rename,
Rename_List,
Generic_Name,
Dtio_Generic_Spec,
Defined_Op,
Defined_Unary_Op,
Defined_Binary_Op,
Defined_Operator,
Generic_Spec,
Only_Use_Name,
Only,
Only_List,
Use_Stmt,
Import_Name,
Import_Name_List,
Import_Stmt,
Constant_Name,Type_Declaration_Stmt,Namelist_Stmt,Common_Stmt,Function_Stmt,Equivalence_Stmt,Subroutine_Stmt,Use_Stmt
Int_Constant_Name,Type_Declaration_Stmt,Namelist_Stmt,Common_Stmt,Function_Stmt,Equivalence_Stmt,Subroutine_Stmt,Use_Stmt
Scalar_Int_Constant_Name,Type_Declaration_Stmt,Namelist_Stmt,Common_Stmt,Function_Stmt,Equivalence_Stmt,Subroutine_Stmt,Use_Stmt
Kind_Param,Type_Declaration_Stmt,Namelist_Stmt,Common_Stmt,Function_Stmt,Equivalence_Stmt,Subroutine_Stmt,Use_Stmt
Int_Literal_Constant,Type_Declaration_Stmt,Namelist_Stmt,Common_Stmt,Function_Stmt,Equivalence_Stmt,Subroutine_Stmt,Use_Stmt
Scalar_Int_Literal_Constant,Type_Declaration_Stmt,Namelist_Stmt,Common_Stmt,Function_Stmt,Equivalence_Stmt,Subroutine_Stmt,Use_Stmt
Type_Param_Value,Equivalence_Stmt,Type_Declaration_Stmt,Namelist_Stmt,Common_Stmt,Function_Stmt,Interface_Stmt,Stmt_Function_Stmt,External_Stmt,Use_Stmt
Char_Length,Equivalence_Stmt,Type_Declaration_Stmt,Namelist_Stmt,Common_Stmt,Function_Stmt,Interface_Stmt,Stmt_Function_Stmt,External_Stmt,Subroutine_Stmt,Use_Stmt
Scalar_Int_Variable,Type_Declaration_Stmt,Namelist_Stmt,Common_Stmt,Function_Stmt,Equivalence_Stmt,Subroutine_Stmt,Use_Stmt
Ac_Do_Variable,Type_Declaration_Stmt,Namelist_Stmt,Common_Stmt,Function_Stmt,Equivalence_Stmt,Subroutine_Stmt,Use_Stmt
Scalar_Int_Expr,Equivalence_Stmt,Type_Declaration_Stmt,Namelist_Stmt,Type_Param_Def_Stmt,Common_Stmt,Function_Stmt,Derived_Type_Stmt,Interface_Stmt,Procedure_Declaration_Stmt,Stmt_Function_Stmt,External_Stmt,Subroutine_Stmt,Use_Stmt
Ac_Implied_Do_Control,Equivalence_Stmt,Type_Declaration_Stmt,Namelist_Stmt,Type_Param_Def_Stmt,Common_Stmt,Function_Stmt,Derived_Type_Stmt,Interface_Stmt,Procedure_Declaration_Stmt,Stmt_Function_Stmt,External_Stmt,Subroutine_Stmt,Use_Stmt
Ac_Implied_Do,Equivalence_Stmt,Type_Declaration_Stmt,Namelist_Stmt,Type_Param_Def_Stmt,Common_Stmt,Function_Stmt,Derived_Type_Stmt,Interface_Stmt,Procedure_Declaration_Stmt,Stmt_Function_Stmt,External_Stmt,Subroutine_Stmt,Use_Stmt
Ac_Value,Equivalence_Stmt,Type_Declaration_Stmt,Namelist_Stmt,Type_Param_Def_Stmt,Common_Stmt,Function_Stmt,Derived_Type_Stmt,Interface_Stmt,Procedure_Declaration_Stmt,Stmt_Function_Stmt,External_Stmt,Subroutine_Stmt,Use_Stmt
Ac_Value_List,Equivalence_Stmt,Type_Declaration_Stmt,Namelist_Stmt,Type_Param_Def_Stmt,Common_Stmt,Function_Stmt,Derived_Type_Stmt,Interface_Stmt,Procedure_Declaration_Stmt,Stmt_Function_Stmt,External_Stmt,Subroutine_Stmt,Use_Stmt
Keyword,
Type_Param_Spec,Equivalence_Stmt,Type_Declaration_Stmt,Namelist_Stmt,Common_Stmt,Function_Stmt,Interface_Stmt,Stmt_Function_Stmt,External_Stmt,Use_Stmt
Type_Param_Spec_List,Equivalence_Stmt,Type_Declaration_Stmt,Namelist_Stmt,Common_Stmt,Function_Stmt,Interface_Stmt,Stmt_Function_Stmt,External_Stmt,Use_Stmt
Derived_Type_Spec,Equivalence_Stmt,Type_Declaration_Stmt,Namelist_Stmt,Common_Stmt,Function_Stmt,Derived_Type_Stmt,Interface_Stmt,Stmt_Function_Stmt,External_Stmt,Use_Stmt
Type_Spec,Equivalence_Stmt,Type_Declaration_Stmt,Namelist_Stmt,Type_Param_Def_Stmt,Common_Stmt,Function_Stmt,Derived_Type_Stmt,Interface_Stmt,Procedure_Declaration_Stmt,Stmt_Function_Stmt,External_Stmt,Subroutine_Stmt,Use_Stmt
Ac_Spec,Equivalence_Stmt,Type_Declaration_Stmt,Namelist_Stmt,Type_Param_Def_Stmt,Common_Stmt,Function_Stmt,Derived_Type_Stmt,Interface_Stmt,Procedure_Declaration_Stmt,Stmt_Function_Stmt,External_Stmt,Subroutine_Stmt,Use_Stmt
Array_Constructor,Equivalence_Stmt,Type_Declaration_Stmt,Namelist_Stmt,Type_Param_Def_Stmt,Common_Stmt,Function_Stmt,Derived_Type_Stmt,Interface_Stmt,Procedure_Declaration_Stmt,Stmt_Function_Stmt,External_Stmt,Subroutine_Stmt,Use_Stmt
Component_Data_Source,Equivalence_Stmt,Type_Declaration_Stmt,Namelist_Stmt,Common_Stmt,Function_Stmt,Interface_Stmt,Procedure_Declaration_Stmt,Stmt_Function_Stmt,External_Stmt,Subroutine_Stmt,Use_Stmt
Structure_Constructor_2,Equivalence_Stmt,Type_Declaration_Stmt,Namelist_Stmt,Common_Stmt,Function_Stmt,Interface_Stmt,Procedure_Declaration_Stmt,Stmt_Function_Stmt,External_Stmt,Subroutine_Stmt,Use_Stmt
Component_Spec,Equivalence_Stmt,Type_Declaration_Stmt,Namelist_Stmt,Common_Stmt,Function_Stmt,Interface_Stmt,Procedure_Declaration_Stmt,Stmt_Function_Stmt,External_Stmt,Subroutine_Stmt,Use_Stmt
Component_Spec_List,Equivalence_Stmt,Type_Declaration_Stmt,Namelist_Stmt,Common_Stmt,Function_Stmt,Interface_Stmt,Procedure_Declaration_Stmt,Stmt_Function_Stmt,External_Stmt,Subroutine_Stmt,Use_Stmt
Structure_Constructor,Equivalence_Stmt,Type_Declaration_Stmt,Namelist_Stmt,Common_Stmt,Function_Stmt,Derived_Type_Stmt,Interface_Stmt,Procedure_Declaration_Stmt,Stmt_Function_Stmt,External_Stmt,Subroutine_Stmt,Use_Stmt
Proc_Component_Ref,Type_Declaration_Stmt,Proc_Component_Def_Stmt,Namelist_Stmt,Common_Stmt,Function_Stmt,Equivalence_Stmt,Subroutine_Stmt,Use_Stmt
Subscript,Equivalence_Stmt,Type_Declaration_Stmt,Namelist_Stmt,Common_Stmt,Function_Stmt,Interface_Stmt,Stmt_Function_Stmt,External_Stmt,Use_Stmt
Stride,Equivalence_Stmt,Type_Declaration_Stmt,Namelist_Stmt,Common_Stmt,Function_Stmt,Interface_Stmt,Stmt_Function_Stmt,External_Stmt,Use_Stmt
Subscript_Triplet,Equivalence_Stmt,Type_Declaration_Stmt,Namelist_Stmt,Common_Stmt,Function_Stmt,Interface_Stmt,Stmt_Function_Stmt,External_Stmt,Use_Stmt
Vector_Subscript,Equivalence_Stmt,Type_Declaration_Stmt,Namelist_Stmt,Common_Stmt,Function_Stmt,Interface_Stmt,Stmt_Function_Stmt,External_Stmt,Use_Stmt
Section_Subscript,Equivalence_Stmt,Type_Declaration_Stmt,Namelist_Stmt,Common_Stmt,Function_Stmt,Interface_Stmt,Stmt_Function_Stmt,External_Stmt,Use_Stmt
Section_Subscript_List,Equivalence_Stmt,Type_Declaration_Stmt,Namelist_Stmt,Common_Stmt,Function_Stmt,Interface_Stmt,Stmt_Function_Stmt,External_Stmt,Use_Stmt
Part_Ref,Equivalence_Stmt,Type_Declaration_Stmt,Namelist_Stmt,Common_Stmt,Function_Stmt,Interface_Stmt,Stmt_Function_Stmt,External_Stmt,Use_Stmt
Data_Ref,Equivalence_Stmt,Type_Declaration_Stmt,Namelist_Stmt,Common_Stmt,Function_Stmt,Interface_Stmt,Stmt_Function_Stmt,External_Stmt,Use_Stmt
Procedure_Designator,Equivalence_Stmt,Type_Declaration_Stmt,Proc_Component_Def_Stmt,Namelist_Stmt,Common_Stmt,Function_Stmt,Interface_Stmt,Procedure_Declaration_Stmt,Stmt_Function_Stmt,External_Stmt,Subroutine_Stmt,Use_Stmt
Label,
Alt_Return_Spec,
Actual_Arg,Equivalence_Stmt,Type_Declaration_Stmt,Proc_Component_Def_Stmt,Namelist_Stmt,Common_Stmt,Function_Stmt,Interface_Stmt,Procedure_Declaration_Stmt,Stmt_Function_Stmt,External_Stmt,Subroutine_Stmt,Use_Stmt
Actual_Arg_Spec,Equivalence_Stmt,Type_Declaration_Stmt,Proc_Component_Def_Stmt,Namelist_Stmt,Common_Stmt,Function_Stmt,Interface_Stmt,Procedure_Declaration_Stmt,Stmt_Function_Stmt,External_Stmt,Subroutine_Stmt,Use_Stmt
Actual_Arg_Spec_List,Equivalence_Stmt,Type_Declaration_Stmt,Proc_Component_Def_Stmt,Namelist_Stmt,Common_Stmt,Function_Stmt,Interface_Stmt,Procedure_Declaration_Stmt,Stmt_Function_Stmt,External_Stmt,Subroutine_Stmt,Use_Stmt
Function_Reference,Equivalence_Stmt,Type_Declaration_Stmt,Proc_Component_Def_Stmt,Namelist_Stmt,Common_Stmt,Function_Stmt,Interface_Stmt,Procedure_Declaration_Stmt,Stmt_Function_Stmt,External_Stmt,Subroutine_Stmt,Use_Stmt
Substring_Range,Equivalence_Stmt,Type_Declaration_Stmt,Namelist_Stmt,Type_Param_Def_Stmt,Common_Stmt,Function_Stmt,Derived_Type_Stmt,Interface_Stmt,Procedure_Declaration_Stmt,Stmt_Function_Stmt,External_Stmt,Subroutine_Stmt,Use_Stmt
Array_Section,Equivalence_Stmt,Type_Declaration_Stmt,Namelist_Stmt,Type_Param_Def_Stmt,Common_Stmt,Function_Stmt,Derived_Type_Stmt,Interface_Stmt,Procedure_Declaration_Stmt,Stmt_Function_Stmt,External_Stmt,Subroutine_Stmt,Use_Stmt
Array_Element,Equivalence_Stmt,Type_Declaration_Stmt,Namelist_Stmt,Common_Stmt,Function_Stmt,Interface_Stmt,Stmt_Function_Stmt,External_Stmt,Use_Stmt
Structure_Component,Equivalence_Stmt,Type_Declaration_Stmt,Namelist_Stmt,Common_Stmt,Function_Stmt,Interface_Stmt,Stmt_Function_Stmt,External_Stmt,Use_Stmt
Scalar_Structure_Component,Equivalence_Stmt,Type_Declaration_Stmt,Namelist_Stmt,Common_Stmt,Function_Stmt,Interface_Stmt,Stmt_Function_Stmt,External_Stmt,Use_Stmt
Real_Literal_Constant,Type_Declaration_Stmt,Namelist_Stmt,Common_Stmt,Function_Stmt,Equivalence_Stmt,Subroutine_Stmt,Use_Stmt
Signed_Int_Literal_Constant,Type_Declaration_Stmt,Namelist_Stmt,Common_Stmt,Function_Stmt,Equivalence_Stmt,Subroutine_Stmt,Use_Stmt
Signed_Real_Literal_Constant,Type_Declaration_Stmt,Namelist_Stmt,Common_Stmt,Function_Stmt,Equivalence_Stmt,Subroutine_Stmt,Use_Stmt
Named_Constant,
Real_Part,Type_Declaration_Stmt,Namelist_Stmt,Common_Stmt,Function_Stmt,Equivalence_Stmt,Subroutine_Stmt,Use_Stmt
Imag_Part,Type_Declaration_Stmt,Namelist_Stmt,Common_Stmt,Function_Stmt,Equivalence_Stmt,Subroutine_Stmt,Use_Stmt
Complex_Literal_Constant,Type_Declaration_Stmt,Namelist_Stmt,Common_Stmt,Function_Stmt,Equivalence_Stmt,Subroutine_Stmt,Use_Stmt
Logical_Literal_Constant,Type_Declaration_Stmt,Namelist_Stmt,Common_Stmt,Function_Stmt,Equivalence_Stmt,Subroutine_Stmt,Use_Stmt
Char_Literal_Constant,Type_Declaration_Stmt,Namelist_Stmt,Common_Stmt,Function_Stmt,Equivalence_Stmt,Subroutine_Stmt,Use_Stmt
Binary_Constant,
Octal_Constant,
Hex_Constant,
Boz_Literal_Constant,Type_Declaration_Stmt,Namelist_Stmt,Common_Stmt,Function_Stmt,Equivalence_Stmt,Subroutine_Stmt,Use_Stmt
Literal_Constant,Type_Declaration_Stmt,Namelist_Stmt,Common_Stmt,Function_Stmt,Equivalence_Stmt,Subroutine_Stmt,Use_Stmt
Constant,Type_Declaration_Stmt,Namelist_Stmt,Common_Stmt,Function_Stmt,Equivalence_Stmt,Subroutine_Stmt,Use_Stmt
Scalar_Constant,Type_Declaration_Stmt,Namelist_Stmt,Common_Stmt,Function_Stmt,Equivalence_Stmt,Subroutine_Stmt,Use_Stmt
Parent_String,Equivalence_Stmt,Type_Declaration_Stmt,Namelist_Stmt,Common_Stmt,Function_Stmt,Interface_Stmt,Stmt_Function_Stmt,External_Stmt,Subroutine_Stmt,Use_Stmt
Substring,Equivalence_Stmt,Type_Declaration_Stmt,Namelist_Stmt,Type_Param_Def_Stmt,Common_Stmt,Function_Stmt,Derived_Type_Stmt,Interface_Stmt,Procedure_Declaration_Stmt,Stmt_Function_Stmt,External_Stmt,Subroutine_Stmt,Use_Stmt
Designator,Equivalence_Stmt,Type_Declaration_Stmt,Namelist_Stmt,Type_Param_Def_Stmt,Common_Stmt,Function_Stmt,Derived_Type_Stmt,Interface_Stmt,Procedure_Declaration_Stmt,Stmt_Function_Stmt,External_Stmt,Subroutine_Stmt,Use_Stmt
Type_Param_Inquiry,Equivalence_Stmt,Type_Declaration_Stmt,Namelist_Stmt,Type_Param_Def_Stmt,Common_Stmt,Function_Stmt,Derived_Type_Stmt,Interface_Stmt,Procedure_Declaration_Stmt,Stmt_Function_Stmt,External_Stmt,Subroutine_Stmt,Use_Stmt
Parenthesis,Equivalence_Stmt,Type_Declaration_Stmt,Namelist_Stmt,Common_Stmt,Function_Stmt,Interface_Stmt,Stmt_Function_Stmt,External_Stmt,Use_Stmt
Primary,Equivalence_Stmt,Type_Declaration_Stmt,Namelist_Stmt,Type_Param_Def_Stmt,Common_Stmt,Function_Stmt,Derived_Type_Stmt,Interface_Stmt,Procedure_Declaration_Stmt,Stmt_Function_Stmt,External_Stmt,Subroutine_Stmt,Use_Stmt
Level_1_Expr,Equivalence_Stmt,Type_Declaration_Stmt,Namelist_Stmt,Type_Param_Def_Stmt,Common_Stmt,Function_Stmt,Derived_Type_Stmt,Interface_Stmt,Procedure_Declaration_Stmt,Stmt_Function_Stmt,External_Stmt,Subroutine_Stmt,Use_Stmt
Mult_Operand,Equivalence_Stmt,Type_Declaration_Stmt,Namelist_Stmt,Type_Param_Def_Stmt,Common_Stmt,Function_Stmt,Derived_Type_Stmt,Interface_Stmt,Procedure_Declaration_Stmt,Stmt_Function_Stmt,External_Stmt,Subroutine_Stmt,Use_Stmt
Add_Operand,Equivalence_Stmt,Type_Declaration_Stmt,Namelist_Stmt,Type_Param_Def_Stmt,Common_Stmt,Function_Stmt,Derived_Type_Stmt,Interface_Stmt,Procedure_Declaration_Stmt,Stmt_Function_Stmt,External_Stmt,Subroutine_Stmt,Use_Stmt
Level_2_Unary_Expr,Equivalence_Stmt,Type_Declaration_Stmt,Namelist_Stmt,Type_Param_Def_Stmt,Common_Stmt,Function_Stmt,Derived_Type_Stmt,Interface_Stmt,Procedure_Declaration_Stmt,Stmt_Function_Stmt,External_Stmt,Subroutine_Stmt,Use_Stmt
Level_2_Expr,Equivalence_Stmt,Type_Declaration_Stmt,Namelist_Stmt,Type_Param_Def_Stmt,Common_Stmt,Function_Stmt,Derived_Type_Stmt,Interface_Stmt,Procedure_Declaration_Stmt,Stmt_Function_Stmt,External_Stmt,Subroutine_Stmt,Use_Stmt
Level_3_Expr,Equivalence_Stmt,Type_Declaration_Stmt,Namelist_Stmt,Type_Param_Def_Stmt,Common_Stmt,Function_Stmt,Derived_Type_Stmt,Interface_Stmt,Procedure_Declaration_Stmt,Stmt_Function_Stmt,External_Stmt,Subroutine_Stmt,Use_Stmt
Level_4_Expr,Equivalence_Stmt,Type_Declaration_Stmt,Namelist_Stmt,Type_Param_Def_Stmt,Common_Stmt,Function_Stmt,Derived_Type_Stmt,Interface_Stmt,Procedure_Declaration_Stmt,Stmt_Function_Stmt,External_Stmt,Subroutine_Stmt,Use_Stmt
And_Operand,Equivalence_Stmt,Type_Declaration_Stmt,Namelist_Stmt,Type_Param_Def_Stmt,Common_Stmt,Function_Stmt,Derived_Type_Stmt,Interface_Stmt,Procedure_Declaration_Stmt,Stmt_Function_Stmt,External_Stmt,Subroutine_Stmt,Use_Stmt
Or_Operand,Equivalence_Stmt,Type_Declaration_Stmt,Namelist_Stmt,Type_Param_Def_Stmt,Common_Stmt,Function_Stmt,Derived_Type_Stmt,Interface_Stmt,Procedure_Declaration_Stmt,Stmt_Function_Stmt,External_Stmt,Subroutine_Stmt,Use_Stmt
Equiv_Operand,Equivalence_Stmt,Type_Declaration_Stmt,Namelist_Stmt,Type_Param_Def_Stmt,Common_Stmt,Function_Stmt,Derived_Type_Stmt,Interface_Stmt,Procedure_Declaration_Stmt,Stmt_Function_Stmt,External_Stmt,Subroutine_Stmt,Use_Stmt
Level_5_Expr,Equivalence_Stmt,Type_Declaration_Stmt,Namelist_Stmt,Type_Param_Def_Stmt,Common_Stmt,Function_Stmt,Derived_Type_Stmt,Interface_Stmt,Procedure_Declaration_Stmt,Stmt_Function_Stmt,External_Stmt,Subroutine_Stmt,Use_Stmt
Expr,Equivalence_Stmt,Type_Declaration_Stmt,Namelist_Stmt,Type_Param_Def_Stmt,Common_Stmt,Function_Stmt,Derived_Type_Stmt,Interface_Stmt,Procedure_Declaration_Stmt,Stmt_Function_Stmt,External_Stmt,Subroutine_Stmt,Use_Stmt
Int_Expr,Equivalence_Stmt,Type_Declaration_Stmt,Namelist_Stmt,Type_Param_Def_Stmt,Common_Stmt,Function_Stmt,Derived_Type_Stmt,Interface_Stmt,Procedure_Declaration_Stmt,Stmt_Function_Stmt,External_Stmt,Subroutine_Stmt,Use_Stmt
Int_Initialization_Expr,Equivalence_Stmt,Type_Declaration_Stmt,Namelist_Stmt,Type_Param_Def_Stmt,Common_Stmt,Function_Stmt,Derived_Type_Stmt,Interface_Stmt,Procedure_Declaration_Stmt,Stmt_Function_Stmt,External_Stmt,Subroutine_Stmt,Use_Stmt
Scalar_Int_Initialization_Expr,Equivalence_Stmt,Type_Declaration_Stmt,Namelist_Stmt,Type_Param_Def_Stmt,Common_Stmt,Function_Stmt,Derived_Type_Stmt,Interface_Stmt,Procedure_Declaration_Stmt,Stmt_Function_Stmt,External_Stmt,Subroutine_Stmt,Use_Stmt
Kind_Selector,Equivalence_Stmt,Type_Declaration_Stmt,Namelist_Stmt,Type_Param_Def_Stmt,Common_Stmt,Function_Stmt,Derived_Type_Stmt,Interface_Stmt,Procedure_Declaration_Stmt,Stmt_Function_Stmt,External_Stmt,Subroutine_Stmt,Use_Stmt
Length_Selector,Equivalence_Stmt,Type_Declaration_Stmt,Namelist_Stmt,Common_Stmt,Function_Stmt,Interface_Stmt,Stmt_Function_Stmt,External_Stmt,Subroutine_Stmt,Use_Stmt
Char_Selector,Equivalence_Stmt,Type_Declaration_Stmt,Namelist_Stmt,Type_Param_Def_Stmt,Common_Stmt,Function_Stmt,Derived_Type_Stmt,Interface_Stmt,Procedure_Declaration_Stmt,Stmt_Function_Stmt,External_Stmt,Subroutine_Stmt,Use_Stmt
Intrinsic_Type_Spec,Equivalence_Stmt,Type_Declaration_Stmt,Namelist_Stmt,Type_Param_Def_Stmt,Common_Stmt,Function_Stmt,Derived_Type_Stmt,Interface_Stmt,Procedure_Declaration_Stmt,Stmt_Function_Stmt,External_Stmt,Subroutine_Stmt,Use_Stmt
Declaration_Type_Spec,Equivalence_Stmt,Type_Declaration_Stmt,Namelist_Stmt,Type_Param_Def_Stmt,Common_Stmt,Function_Stmt,Derived_Type_Stmt,Interface_Stmt,Procedure_Declaration_Stmt,Stmt_Function_Stmt,External_Stmt,Subroutine_Stmt,Use_Stmt
Letter_Spec,
Letter_Spec_List,
Implicit_Spec,Equivalence_Stmt,Type_Declaration_Stmt,Namelist_Stmt,Type_Param_Def_Stmt,Common_Stmt,Function_Stmt,Derived_Type_Stmt,Interface_Stmt,Procedure_Declaration_Stmt,Stmt_Function_Stmt,External_Stmt,Subroutine_Stmt,Use_Stmt
Implicit_Spec_List,Equivalence_Stmt,Type_Declaration_Stmt,Namelist_Stmt,Type_Param_Def_Stmt,Common_Stmt,Function_Stmt,Derived_Type_Stmt,Interface_Stmt,Procedure_Declaration_Stmt,Stmt_Function_Stmt,External_Stmt,Subroutine_Stmt,Use_Stmt
Implicit_Stmt,Equivalence_Stmt,Type_Declaration_Stmt,Namelist_Stmt,Type_Param_Def_Stmt,Common_Stmt,Function_Stmt,Derived_Type_Stmt,Interface_Stmt,Procedure_Declaration_Stmt,Stmt_Function_Stmt,External_Stmt,Subroutine_Stmt,Use_Stmt
Initialization_Expr,Equivalence_Stmt,Type_Declaration_Stmt,Namelist_Stmt,Type_Param_Def_Stmt,Common_Stmt,Function_Stmt,Derived_Type_Stmt,Interface_Stmt,Procedure_Declaration_Stmt,Stmt_Function_Stmt,External_Stmt,Subroutine_Stmt,Use_Stmt
Named_Constant_Def,Equivalence_Stmt,Type_Declaration_Stmt,Namelist_Stmt,Type_Param_Def_Stmt,Common_Stmt,Function_Stmt,Derived_Type_Stmt,Interface_Stmt,Procedure_Declaration_Stmt,Stmt_Function_Stmt,External_Stmt,Subroutine_Stmt,Use_Stmt
Named_Constant_Def_List,Equivalence_Stmt,Type_Declaration_Stmt,Namelist_Stmt,Type_Param_Def_Stmt,Common_Stmt,Function_Stmt,Derived_Type_Stmt,Interface_Stmt,Procedure_Declaration_Stmt,Stmt_Function_Stmt,External_Stmt,Subroutine_Stmt,Use_Stmt
Parameter_Stmt,Equivalence_Stmt,Type_Declaration_Stmt,Namelist_Stmt,Type_Param_Def_Stmt,Common_Stmt,Function_Stmt,Derived_Type_Stmt,Interface_Stmt,Procedure_Declaration_Stmt,Stmt_Function_Stmt,External_Stmt,Subroutine_Stmt,Use_Stmt
Digit_String,
N,
Position_Edit_Desc,
Sign_Edit_Desc,
Blank_Interp_Edit_Desc,
Round_Edit_Desc,
Decimal_Edit_Desc,
R,
K,Type_Declaration_Stmt,Namelist_Stmt,Common_Stmt,Function_Stmt,Equivalence_Stmt,Subroutine_Stmt,Use_Stmt
Control_Edit_Desc,Type_Declaration_Stmt,Namelist_Stmt,Common_Stmt,Function_Stmt,Equivalence_Stmt,Subroutine_Stmt,Use_Stmt
Char_String_Edit_Desc,Type_Declaration_Stmt,Namelist_Stmt,Common_Stmt,Function_Stmt,Equivalence_Stmt,Subroutine_Stmt,Use_Stmt
W,
D,Type_Declaration_Stmt,Namelist_Stmt,Common_Stmt,Function_Stmt,Equivalence_Stmt,Subroutine_Stmt,Use_Stmt
E,
Format_Item_C1002,Type_Declaration_Stmt,Namelist_Stmt,Common_Stmt,Function_Stmt,Equivalence_Stmt,Subroutine_Stmt,Use_Stmt
Data_Edit_Desc_C1002,Type_Declaration_Stmt,Namelist_Stmt,Common_Stmt,Function_Stmt,Equivalence_Stmt,Subroutine_Stmt,Use_Stmt
M,Type_Declaration_Stmt,Namelist_Stmt,Common_Stmt,Function_Stmt,Equivalence_Stmt,Subroutine_Stmt,Use_Stmt
V,Type_Declaration_Stmt,Namelist_Stmt,Common_Stmt,Function_Stmt,Equivalence_Stmt,Subroutine_Stmt,Use_Stmt
V_List,Type_Declaration_Stmt,Namelist_Stmt,Common_Stmt,Function_Stmt,Equivalence_Stmt,Subroutine_Stmt,Use_Stmt
Data_Edit_Desc,Type_Declaration_Stmt,Namelist_Stmt,Common_Stmt,Function_Stmt,Equivalence_Stmt,Subroutine_Stmt,Use_Stmt
Format_Item,Type_Declaration_Stmt,Namelist_Stmt,Common_Stmt,Function_Stmt,Equivalence_Stmt,Subroutine_Stmt,Use_Stmt
Format_Item_List,Type_Declaration_Stmt,Namelist_Stmt,Common_Stmt,Function_Stmt,Equivalence_Stmt,Subroutine_Stmt,Use_Stmt
Format_Specification,Type_Declaration_Stmt,Namelist_Stmt,Common_Stmt,Function_Stmt,Equivalence_Stmt,Subroutine_Stmt,Use_Stmt
Format_Stmt,Type_Declaration_Stmt,Namelist_Stmt,Common_Stmt,Function_Stmt,Equivalence_Stmt,Subroutine_Stmt,Use_Stmt
Dummy_Arg_Name,Type_Declaration_Stmt
Dummy_Arg,Type_Declaration_Stmt
Dummy_Arg_List,Type_Declaration_Stmt
Char_Expr,Equivalence_Stmt,Type_Declaration_Stmt,Namelist_Stmt,Type_Param_Def_Stmt,Common_Stmt,Function_Stmt,Derived_Type_Stmt,Interface_Stmt,Procedure_Declaration_Stmt,Stmt_Function_Stmt,External_Stmt,Subroutine_Stmt,Use_Stmt
Char_Initialization_Expr,Equivalence_Stmt,Type_Declaration_Stmt,Namelist_Stmt,Type_Param_Def_Stmt,Common_Stmt,Function_Stmt,Derived_Type_Stmt,Interface_Stmt,Procedure_Declaration_Stmt,Stmt_Function_Stmt,External_Stmt,Subroutine_Stmt,Use_Stmt
Scalar_Char_Initialization_Expr,Equivalence_Stmt,Type_Declaration_Stmt,Namelist_Stmt,Type_Param_Def_Stmt,Common_Stmt,Function_Stmt,Derived_Type_Stmt,Interface_Stmt,Procedure_Declaration_Stmt,Stmt_Function_Stmt,External_Stmt,Subroutine_Stmt,Use_Stmt
Language_Binding_Spec,Equivalence_Stmt,Type_Declaration_Stmt,Namelist_Stmt,Type_Param_Def_Stmt,Common_Stmt,Function_Stmt,Derived_Type_Stmt,Interface_Stmt,Procedure_Declaration_Stmt,Stmt_Function_Stmt,External_Stmt,Subroutine_Stmt,Use_Stmt
Proc_Language_Binding_Spec,Equivalence_Stmt,Type_Declaration_Stmt,Namelist_Stmt,Type_Param_Def_Stmt,Common_Stmt,Function_Stmt,Derived_Type_Stmt,Interface_Stmt,Procedure_Declaration_Stmt,Stmt_Function_Stmt,External_Stmt,Subroutine_Stmt,Use_Stmt
Result_Name,Use_Stmt,Type_Declaration_Stmt
Suffix,Equivalence_Stmt,Type_Declaration_Stmt,Namelist_Stmt,Type_Param_Def_Stmt,Common_Stmt,Function_Stmt,Derived_Type_Stmt,Interface_Stmt,Procedure_Declaration_Stmt,Stmt_Function_Stmt,External_Stmt,Subroutine_Stmt,Use_Stmt
Entry_Stmt,Equivalence_Stmt,Type_Declaration_Stmt,Namelist_Stmt,Type_Param_Def_Stmt,Common_Stmt,Function_Stmt,Derived_Type_Stmt,Interface_Stmt,Procedure_Declaration_Stmt,Stmt_Function_Stmt,External_Stmt,Subroutine_Stmt,Use_Stmt
Implicit_Part_Stmt,Equivalence_Stmt,Type_Declaration_Stmt,Namelist_Stmt,Type_Param_Def_Stmt,Common_Stmt,Function_Stmt,Derived_Type_Stmt,Interface_Stmt,Procedure_Declaration_Stmt,Stmt_Function_Stmt,External_Stmt,Subroutine_Stmt,Use_Stmt
Implicit_Part,Equivalence_Stmt,Type_Declaration_Stmt,Namelist_Stmt,Type_Param_Def_Stmt,Common_Stmt,Function_Stmt,Derived_Type_Stmt,Interface_Stmt,Procedure_Declaration_Stmt,Stmt_Function_Stmt,External_Stmt,Subroutine_Stmt,Use_Stmt
Access_Spec,
Parent_Type_Name,Derived_Type_Stmt
Type_Attr_Spec,Derived_Type_Stmt
Type_Attr_Spec_List,Derived_Type_Stmt
Derived_Type_Stmt,Derived_Type_Stmt
Type_Param_Attr_Spec,
Type_Param_Decl,Equivalence_Stmt,Type_Declaration_Stmt,Namelist_Stmt,Type_Param_Def_Stmt,Common_Stmt,Function_Stmt,Derived_Type_Stmt,Interface_Stmt,Procedure_Declaration_Stmt,Stmt_Function_Stmt,External_Stmt,Subroutine_Stmt,Use_Stmt
Type_Param_Decl_List,Equivalence_Stmt,Type_Declaration_Stmt,Namelist_Stmt,Type_Param_Def_Stmt,Common_Stmt,Function_Stmt,Derived_Type_Stmt,Interface_Stmt,Procedure_Declaration_Stmt,Stmt_Function_Stmt,External_Stmt,Subroutine_Stmt,Use_Stmt
Type_Param_Def_Stmt,Equivalence_Stmt,Type_Declaration_Stmt,Namelist_Stmt,Type_Param_Def_Stmt,Common_Stmt,Function_Stmt,Derived_Type_Stmt,Interface_Stmt,Procedure_Declaration_Stmt,Stmt_Function_Stmt,External_Stmt,Subroutine_Stmt,Use_Stmt
Private_Components_Stmt,
Sequence_Stmt,
Private_Or_Sequence,
Specification_Expr,Equivalence_Stmt,Type_Declaration_Stmt,Namelist_Stmt,Type_Param_Def_Stmt,Common_Stmt,Function_Stmt,Derived_Type_Stmt,Interface_Stmt,Procedure_Declaration_Stmt,Stmt_Function_Stmt,External_Stmt,Subroutine_Stmt,Use_Stmt
Lower_Bound,Equivalence_Stmt,Type_Declaration_Stmt,Namelist_Stmt,Type_Param_Def_Stmt,Common_Stmt,Function_Stmt,Derived_Type_Stmt,Interface_Stmt,Procedure_Declaration_Stmt,Stmt_Function_Stmt,External_Stmt,Subroutine_Stmt,Use_Stmt
Upper_Bound,Equivalence_Stmt,Type_Declaration_Stmt,Namelist_Stmt,Type_Param_Def_Stmt,Common_Stmt,Function_Stmt,Derived_Type_Stmt,Interface_Stmt,Procedure_Declaration_Stmt,Stmt_Function_Stmt,External_Stmt,Subroutine_Stmt,Use_Stmt
Explicit_Shape_Spec,Equivalence_Stmt,Type_Declaration_Stmt,Namelist_Stmt,Type_Param_Def_Stmt,Common_Stmt,Function_Stmt,Derived_Type_Stmt,Interface_Stmt,Procedure_Declaration_Stmt,Stmt_Function_Stmt,External_Stmt,Subroutine_Stmt,Use_Stmt
Explicit_Shape_Spec_List,Equivalence_Stmt,Type_Declaration_Stmt,Namelist_Stmt,Type_Param_Def_Stmt,Common_Stmt,Function_Stmt,Derived_Type_Stmt,Interface_Stmt,Procedure_Declaration_Stmt,Stmt_Function_Stmt,External_Stmt,Subroutine_Stmt,Use_Stmt
Deferred_Shape_Spec,
Deferred_Shape_Spec_List,
Component_Array_Spec,Equivalence_Stmt,Type_Declaration_Stmt,Namelist_Stmt,Type_Param_Def_Stmt,Common_Stmt,Function_Stmt,Derived_Type_Stmt,Interface_Stmt,Procedure_Declaration_Stmt,Stmt_Function_Stmt,External_Stmt,Subroutine_Stmt,Use_Stmt
Dimension_Component_Attr_Spec,Equivalence_Stmt,Type_Declaration_Stmt,Namelist_Stmt,Type_Param_Def_Stmt,Common_Stmt,Function_Stmt,Derived_Type_Stmt,Interface_Stmt,Procedure_Declaration_Stmt,Stmt_Function_Stmt,External_Stmt,Subroutine_Stmt,Use_Stmt
Component_Attr_Spec,Equivalence_Stmt,Type_Declaration_Stmt,Namelist_Stmt,Type_Param_Def_Stmt,Common_Stmt,Function_Stmt,Derived_Type_Stmt,Interface_Stmt,Procedure_Declaration_Stmt,Stmt_Function_Stmt,External_Stmt,Subroutine_Stmt,Use_Stmt
Component_Attr_Spec_List,Equivalence_Stmt,Type_Declaration_Stmt,Namelist_Stmt,Type_Param_Def_Stmt,Common_Stmt,Function_Stmt,Derived_Type_Stmt,Interface_Stmt,Procedure_Declaration_Stmt,Stmt_Function_Stmt,External_Stmt,Subroutine_Stmt,Use_Stmt
Null_Init,
Component_Initialization,Equivalence_Stmt,Type_Declaration_Stmt,Namelist_Stmt,Type_Param_Def_Stmt,Common_Stmt,Function_Stmt,Derived_Type_Stmt,Interface_Stmt,Procedure_Declaration_Stmt,Stmt_Function_Stmt,External_Stmt,Subroutine_Stmt,Use_Stmt
Component_Decl,Equivalence_Stmt,Type_Declaration_Stmt,Namelist_Stmt,Type_Param_Def_Stmt,Common_Stmt,Function_Stmt,Derived_Type_Stmt,Interface_Stmt,Procedure_Declaration_Stmt,Stmt_Function_Stmt,External_Stmt,Subroutine_Stmt,Use_Stmt
Component_Decl_List,Equivalence_Stmt,Type_Declaration_Stmt,Namelist_Stmt,Type_Param_Def_Stmt,Common_Stmt,Function_Stmt,Derived_Type_Stmt,Interface_Stmt,Procedure_Declaration_Stmt,Stmt_Function_Stmt,External_Stmt,Subroutine_Stmt,Use_Stmt
Data_Component_Def_Stmt,Equivalence_Stmt,Type_Declaration_Stmt,Namelist_Stmt,Type_Param_Def_Stmt,Common_Stmt,Function_Stmt,Derived_Type_Stmt,Interface_Stmt,Procedure_Declaration_Stmt,Stmt_Function_Stmt,External_Stmt,Subroutine_Stmt,Use_Stmt
Proc_Interface,Equivalence_Stmt,Type_Declaration_Stmt,Namelist_Stmt,Type_Param_Def_Stmt,Common_Stmt,Function_Stmt,Derived_Type_Stmt,Interface_Stmt,Procedure_Declaration_Stmt,Stmt_Function_Stmt,External_Stmt,Subroutine_Stmt,Use_Stmt
Proc_Component_PASS_Arg_Name,
Proc_Component_Attr_Spec,
Proc_Component_Attr_Spec_List,
Proc_Decl,
Proc_Decl_List,
Proc_Component_Def_Stmt,Equivalence_Stmt,Type_Declaration_Stmt,Namelist_Stmt,Type_Param_Def_Stmt,Common_Stmt,Function_Stmt,Derived_Type_Stmt,Interface_Stmt,Procedure_Declaration_Stmt,Stmt_Function_Stmt,External_Stmt,Subroutine_Stmt,Use_Stmt
Component_Def_Stmt,Equivalence_Stmt,Type_Declaration_Stmt,Namelist_Stmt,Type_Param_Def_Stmt,Common_Stmt,Function_Stmt,Derived_Type_Stmt,Interface_Stmt,Procedure_Declaration_Stmt,Stmt_Function_Stmt,External_Stmt,Subroutine_Stmt,Use_Stmt
Component_Part,Equivalence_Stmt,Type_Declaration_Stmt,Namelist_Stmt,Type_Param_Def_Stmt,Common_Stmt,Function_Stmt,Derived_Type_Stmt,Interface_Stmt,Procedure_Declaration_Stmt,Stmt_Function_Stmt,External_Stmt,Subroutine_Stmt,Use_Stmt
Contains_Stmt,
Binding_Private_Stmt,
Binding_PASS_Arg_Name,
Binding_Attr,
Binding_Attr_List,
Specific_Binding,Function_Stmt,Interface_Stmt,Subroutine_Stmt
Generic_Binding,Function_Stmt,Subroutine_Stmt
Final_Binding,Subroutine_Stmt
Proc_Binding_Stmt,Function_Stmt,Interface_Stmt,Subroutine_Stmt
Type_Bound_Procedure_Part,Function_Stmt,Interface_Stmt,Subroutine_Stmt
End_Type_Stmt,
Derived_Type_Def,Equivalence_Stmt,Type_Declaration_Stmt,Namelist_Stmt,Type_Param_Def_Stmt,Common_Stmt,Function_Stmt,Derived_Type_Stmt,Interface_Stmt,Procedure_Declaration_Stmt,Stmt_Function_Stmt,External_Stmt,Subroutine_Stmt,Use_Stmt
Enum_Def_Stmt,
Enumerator,Equivalence_Stmt,Type_Declaration_Stmt,Namelist_Stmt,Type_Param_Def_Stmt,Common_Stmt,Function_Stmt,Derived_Type_Stmt,Interface_Stmt,Procedure_Declaration_Stmt,Stmt_Function_Stmt,External_Stmt,Subroutine_Stmt,Use_Stmt
Enumerator_List,Equivalence_Stmt,Type_Declaration_Stmt,Namelist_Stmt,Type_Param_Def_Stmt,Common_Stmt,Function_Stmt,Derived_Type_Stmt,Interface_Stmt,Procedure_Declaration_Stmt,Stmt_Function_Stmt,External_Stmt,Subroutine_Stmt,Use_Stmt
Enumerator_Def_Stmt,Equivalence_Stmt,Type_Declaration_Stmt,Namelist_Stmt,Type_Param_Def_Stmt,Common_Stmt,Function_Stmt,Derived_Type_Stmt,Interface_Stmt,Procedure_Declaration_Stmt,Stmt_Function_Stmt,External_Stmt,Subroutine_Stmt,Use_Stmt
End_Enum_Stmt,
Enum_Def,Equivalence_Stmt,Type_Declaration_Stmt,Namelist_Stmt,Type_Param_Def_Stmt,Common_Stmt,Function_Stmt,Derived_Type_Stmt,Interface_Stmt,Procedure_Declaration_Stmt,Stmt_Function_Stmt,External_Stmt,Subroutine_Stmt,Use_Stmt
Interface_Stmt,
Prefix_Spec,Equivalence_Stmt,Type_Declaration_Stmt,Namelist_Stmt,Type_Param_Def_Stmt,Common_Stmt,Function_Stmt,Derived_Type_Stmt,Interface_Stmt,Procedure_Declaration_Stmt,Stmt_Function_Stmt,External_Stmt,Subroutine_Stmt,Use_Stmt
Prefix,Equivalence_Stmt,Type_Declaration_Stmt,Namelist_Stmt,Type_Param_Def_Stmt,Common_Stmt,Function_Stmt,Derived_Type_Stmt,Interface_Stmt,Procedure_Declaration_Stmt,Stmt_Function_Stmt,External_Stmt,Subroutine_Stmt,Use_Stmt
Dummy_Arg_Name_List,Type_Declaration_Stmt
Function_Stmt,Equivalence_Stmt,Type_Declaration_Stmt,Namelist_Stmt,Type_Param_Def_Stmt,Common_Stmt,Function_Stmt,Derived_Type_Stmt,Interface_Stmt,Procedure_Declaration_Stmt,Stmt_Function_Stmt,External_Stmt,Subroutine_Stmt,Use_Stmt
End_Function_Stmt,
Function_Body,Equivalence_Stmt,Type_Declaration_Stmt,Namelist_Stmt,Type_Param_Def_Stmt,Common_Stmt,Function_Stmt,Derived_Type_Stmt,Interface_Stmt,Procedure_Declaration_Stmt,Stmt_Function_Stmt,External_Stmt,Subroutine_Stmt,Use_Stmt
Subroutine_Stmt,Equivalence_Stmt,Type_Declaration_Stmt,Namelist_Stmt,Type_Param_Def_Stmt,Common_Stmt,Function_Stmt,Derived_Type_Stmt,Interface_Stmt,Procedure_Declaration_Stmt,Stmt_Function_Stmt,External_Stmt,Subroutine_Stmt,Use_Stmt
End_Subroutine_Stmt,
Subroutine_Body,Equivalence_Stmt,Type_Declaration_Stmt,Namelist_Stmt,Type_Param_Def_Stmt,Common_Stmt,Function_Stmt,Derived_Type_Stmt,Interface_Stmt,Procedure_Declaration_Stmt,Stmt_Function_Stmt,External_Stmt,Subroutine_Stmt,Use_Stmt
Interface_Body,Equivalence_Stmt,Type_Declaration_Stmt,Namelist_Stmt,Type_Param_Def_Stmt,Common_Stmt,Function_Stmt,Derived_Type_Stmt,Interface_Stmt,Procedure_Declaration_Stmt,Stmt_Function_Stmt,External_Stmt,Subroutine_Stmt,Use_Stmt
Procedure_Stmt,Function_Stmt,Subroutine_Stmt
Interface_Specification,Equivalence_Stmt,Type_Declaration_Stmt,Namelist_Stmt,Type_Param_Def_Stmt,Common_Stmt,Function_Stmt,Derived_Type_Stmt,Interface_Stmt,Procedure_Declaration_Stmt,Stmt_Function_Stmt,External_Stmt,Subroutine_Stmt,Use_Stmt
End_Interface_Stmt,
Interface_Block,Equivalence_Stmt,Type_Declaration_Stmt,Namelist_Stmt,Type_Param_Def_Stmt,Common_Stmt,Function_Stmt,Derived_Type_Stmt,Interface_Stmt,Procedure_Declaration_Stmt,Stmt_Function_Stmt,External_Stmt,Subroutine_Stmt,Use_Stmt
Intent_Spec,
Proc_Attr_Spec,Equivalence_Stmt,Type_Declaration_Stmt,Namelist_Stmt,Type_Param_Def_Stmt,Common_Stmt,Function_Stmt,Derived_Type_Stmt,Interface_Stmt,Procedure_Declaration_Stmt,Stmt_Function_Stmt,External_Stmt,Subroutine_Stmt,Use_Stmt
Proc_Attr_Spec_List,Equivalence_Stmt,Type_Declaration_Stmt,Namelist_Stmt,Type_Param_Def_Stmt,Common_Stmt,Function_Stmt,Derived_Type_Stmt,Interface_Stmt,Procedure_Declaration_Stmt,Stmt_Function_Stmt,External_Stmt,Subroutine_Stmt,Use_Stmt
Procedure_Declaration_Stmt,Equivalence_Stmt,Type_Declaration_Stmt,Namelist_Stmt,Type_Param_Def_Stmt,Common_Stmt,Function_Stmt,Derived_Type_Stmt,Interface_Stmt,Procedure_Declaration_Stmt,Stmt_Function_Stmt,External_Stmt,Subroutine_Stmt,Use_Stmt
Access_Id,Type_Declaration_Stmt,Namelist_Stmt,Common_Stmt,Function_Stmt,Derived_Type_Stmt,Interface_Stmt,Procedure_Declaration_Stmt,Stmt_Function_Stmt,External_Stmt,Subroutine_Stmt,Use_Stmt
Access_Id_List,Type_Declaration_Stmt,Namelist_Stmt,Common_Stmt,Function_Stmt,Derived_Type_Stmt,Interface_Stmt,Procedure_Declaration_Stmt,Stmt_Function_Stmt,External_Stmt,Subroutine_Stmt,Use_Stmt
Access_Stmt,Type_Declaration_Stmt,Namelist_Stmt,Common_Stmt,Function_Stmt,Derived_Type_Stmt,Interface_Stmt,Procedure_Declaration_Stmt,Stmt_Function_Stmt,External_Stmt,Subroutine_Stmt,Use_Stmt
Object_Name_Deferred_Shape_Spec_List_Item,Equivalence_Stmt,Type_Declaration_Stmt
Object_Name_Deferred_Shape_Spec_List_Item_List,Equivalence_Stmt,Type_Declaration_Stmt
Allocatable_Stmt,Equivalence_Stmt,Type_Declaration_Stmt
Asynchronous_Stmt,Use_Stmt,Type_Declaration_Stmt
Bind_Entity,Common_Stmt,Use_Stmt,Type_Declaration_Stmt
Bind_Entity_List,Common_Stmt,Use_Stmt,Type_Declaration_Stmt
Bind_Stmt,Equivalence_Stmt,Type_Declaration_Stmt,Namelist_Stmt,Type_Param_Def_Stmt,Common_Stmt,Function_Stmt,Derived_Type_Stmt,Interface_Stmt,Procedure_Declaration_Stmt,Stmt_Function_Stmt,External_Stmt,Subroutine_Stmt,Use_Stmt
Common_Block_Object,
Common_Block_Object_List,
Common_Stmt,
Data_I_Do_Object,Equivalence_Stmt,Type_Declaration_Stmt,Namelist_Stmt,Common_Stmt,Function_Stmt,Interface_Stmt,Stmt_Function_Stmt,External_Stmt,Use_Stmt
Data_I_Do_Object_List,Equivalence_Stmt,Type_Declaration_Stmt,Namelist_Stmt,Common_Stmt,Function_Stmt,Interface_Stmt,Stmt_Function_Stmt,External_Stmt,Use_Stmt
Data_I_Do_Variable,Type_Declaration_Stmt,Namelist_Stmt,Common_Stmt,Function_Stmt,Equivalence_Stmt,Subroutine_Stmt,Use_Stmt
Data_Implied_Do,Equivalence_Stmt,Type_Declaration_Stmt,Namelist_Stmt,Type_Param_Def_Stmt,Common_Stmt,Function_Stmt,Derived_Type_Stmt,Interface_Stmt,Procedure_Declaration_Stmt,Stmt_Function_Stmt,External_Stmt,Subroutine_Stmt,Use_Stmt
Data_Stmt_Object,Equivalence_Stmt,Type_Declaration_Stmt,Namelist_Stmt,Type_Param_Def_Stmt,Common_Stmt,Function_Stmt,Derived_Type_Stmt,Interface_Stmt,Procedure_Declaration_Stmt,Stmt_Function_Stmt,External_Stmt,Subroutine_Stmt,Use_Stmt
Data_Stmt_Object_List,Equivalence_Stmt,Type_Declaration_Stmt,Namelist_Stmt,Type_Param_Def_Stmt,Common_Stmt,Function_Stmt,Derived_Type_Stmt,Interface_Stmt,Procedure_Declaration_Stmt,Stmt_Function_Stmt,External_Stmt,Subroutine_Stmt,Use_Stmt
Constant_Subobject,Equivalence_Stmt,Type_Declaration_Stmt,Namelist_Stmt,Type_Param_Def_Stmt,Common_Stmt,Function_Stmt,Derived_Type_Stmt,Interface_Stmt,Procedure_Declaration_Stmt,Stmt_Function_Stmt,External_Stmt,Subroutine_Stmt,Use_Stmt
Scalar_Constant_Subobject,Equivalence_Stmt,Type_Declaration_Stmt,Namelist_Stmt,Type_Param_Def_Stmt,Common_Stmt,Function_Stmt,Derived_Type_Stmt,Interface_Stmt,Procedure_Declaration_Stmt,Stmt_Function_Stmt,External_Stmt,Subroutine_Stmt,Use_Stmt
Data_Stmt_Constant,Equivalence_Stmt,Type_Declaration_Stmt,Namelist_Stmt,Type_Param_Def_Stmt,Common_Stmt,Function_Stmt,Derived_Type_Stmt,Interface_Stmt,Procedure_Declaration_Stmt,Stmt_Function_Stmt,External_Stmt,Subroutine_Stmt,Use_Stmt
Int_Constant,Type_Declaration_Stmt,Namelist_Stmt,Common_Stmt,Function_Stmt,Equivalence_Stmt,Subroutine_Stmt,Use_Stmt
Scalar_Int_Constant,Type_Declaration_Stmt,Namelist_Stmt,Common_Stmt,Function_Stmt,Equivalence_Stmt,Subroutine_Stmt,Use_Stmt
Int_Constant_Subobject,Equivalence_Stmt,Type_Declaration_Stmt,Namelist_Stmt,Type_Param_Def_Stmt,Common_Stmt,Function_Stmt,Derived_Type_Stmt,Interface_Stmt,Procedure_Declaration_Stmt,Stmt_Function_Stmt,External_Stmt,Subroutine_Stmt,Use_Stmt
Scalar_Int_Constant_Subobject,Equivalence_Stmt,Type_Declaration_Stmt,Namelist_Stmt,Type_Param_Def_Stmt,Common_Stmt,Function_Stmt,Derived_Type_Stmt,Interface_Stmt,Procedure_Declaration_Stmt,Stmt_Function_Stmt,External_Stmt,Subroutine_Stmt,Use_Stmt
Data_Stmt_Repeat,Equivalence_Stmt,Type_Declaration_Stmt,Namelist_Stmt,Type_Param_Def_Stmt,Common_Stmt,Function_Stmt,Derived_Type_Stmt,Interface_Stmt,Procedure_Declaration_Stmt,Stmt_Function_Stmt,External_Stmt,Subroutine_Stmt,Use_Stmt
Data_Stmt_Value,Equivalence_Stmt,Type_Declaration_Stmt,Namelist_Stmt,Type_Param_Def_Stmt,Common_Stmt,Function_Stmt,Derived_Type_Stmt,Interface_Stmt,Procedure_Declaration_Stmt,Stmt_Function_Stmt,External_Stmt,Subroutine_Stmt,Use_Stmt
Data_Stmt_Value_List,Equivalence_Stmt,Type_Declaration_Stmt,Namelist_Stmt,Type_Param_Def_Stmt,Common_Stmt,Function_Stmt,Derived_Type_Stmt,Interface_Stmt,Procedure_Declaration_Stmt,Stmt_Function_Stmt,External_Stmt,Subroutine_Stmt,Use_Stmt
Data_Stmt_Set,Equivalence_Stmt,Type_Declaration_Stmt,Namelist_Stmt,Type_Param_Def_Stmt,Common_Stmt,Function_Stmt,Derived_Type_Stmt,Interface_Stmt,Procedure_Declaration_Stmt,Stmt_Function_Stmt,External_Stmt,Subroutine_Stmt,Use_Stmt
Data_Stmt,Equivalence_Stmt,Type_Declaration_Stmt,Namelist_Stmt,Type_Param_Def_Stmt,Common_Stmt,Function_Stmt,Derived_Type_Stmt,Interface_Stmt,Procedure_Declaration_Stmt,Stmt_Function_Stmt,External_Stmt,Subroutine_Stmt,Use_Stmt
Assumed_Size_Spec,Equivalence_Stmt,Type_Declaration_Stmt,Namelist_Stmt,Type_Param_Def_Stmt,Common_Stmt,Function_Stmt,Derived_Type_Stmt,Interface_Stmt,Procedure_Declaration_Stmt,Stmt_Function_Stmt,External_Stmt,Subroutine_Stmt,Use_Stmt
Assumed_Shape_Spec,Equivalence_Stmt,Type_Declaration_Stmt,Namelist_Stmt,Type_Param_Def_Stmt,Common_Stmt,Function_Stmt,Derived_Type_Stmt,Interface_Stmt,Procedure_Declaration_Stmt,Stmt_Function_Stmt,External_Stmt,Subroutine_Stmt,Use_Stmt
Assumed_Shape_Spec_List,Equivalence_Stmt,Type_Declaration_Stmt,Namelist_Stmt,Type_Param_Def_Stmt,Common_Stmt,Function_Stmt,Derived_Type_Stmt,Interface_Stmt,Procedure_Declaration_Stmt,Stmt_Function_Stmt,External_Stmt,Subroutine_Stmt,Use_Stmt
Array_Spec,Equivalence_Stmt,Type_Declaration_Stmt,Namelist_Stmt,Type_Param_Def_Stmt,Common_Stmt,Function_Stmt,Derived_Type_Stmt,Interface_Stmt,Procedure_Declaration_Stmt,Stmt_Function_Stmt,External_Stmt,Subroutine_Stmt,Use_Stmt
Dimension_Stmt,Equivalence_Stmt,Type_Declaration_Stmt,Namelist_Stmt,Type_Param_Def_Stmt,Common_Stmt,Function_Stmt,Derived_Type_Stmt,Interface_Stmt,Procedure_Declaration_Stmt,Stmt_Function_Stmt,External_Stmt,Subroutine_Stmt,Use_Stmt
Equivalence_Object,Type_Declaration_Stmt,Namelist_Stmt,Common_Stmt,Function_Stmt,Equivalence_Stmt,Subroutine_Stmt,Use_Stmt
Equivalence_Object_List,Type_Declaration_Stmt,Namelist_Stmt,Common_Stmt,Function_Stmt,Equivalence_Stmt,Subroutine_Stmt,Use_Stmt
Equivalence_Set,Type_Declaration_Stmt,Namelist_Stmt,Common_Stmt,Function_Stmt,Equivalence_Stmt,Subroutine_Stmt,Use_Stmt
Equivalence_Set_List,Type_Declaration_Stmt,Namelist_Stmt,Common_Stmt,Function_Stmt,Equivalence_Stmt,Subroutine_Stmt,Use_Stmt
Equivalence_Stmt,Type_Declaration_Stmt,Namelist_Stmt,Common_Stmt,Function_Stmt,Equivalence_Stmt,Subroutine_Stmt,Use_Stmt
External_Stmt,
Intent_Stmt,Use_Stmt,Type_Declaration_Stmt
Intrinsic_Stmt,
Namelist_Group_Object,
Namelist_Group_Object_List,
Namelist_Stmt,
Optional_Stmt,Use_Stmt,Type_Declaration_Stmt
Pointer_Decl,Type_Declaration_Stmt,Function_Stmt,Interface_Stmt,Procedure_Declaration_Stmt,Use_Stmt,External_Stmt,Subroutine_Stmt,Equivalence_Stmt
Pointer_Decl_List,Type_Declaration_Stmt,Function_Stmt,Interface_Stmt,Procedure_Declaration_Stmt,Use_Stmt,External_Stmt,Subroutine_Stmt,Equivalence_Stmt
Pointer_Stmt,Type_Declaration_Stmt,Function_Stmt,Interface_Stmt,Procedure_Declaration_Stmt,Use_Stmt,External_Stmt,Subroutine_Stmt,Equivalence_Stmt
Protected_Stmt,Use_Stmt,Type_Declaration_Stmt
Saved_Entity,Type_Declaration_Stmt,Common_Stmt,Function_Stmt,Interface_Stmt,Procedure_Declaration_Stmt,Use_Stmt,External_Stmt,Subroutine_Stmt,Equivalence_Stmt
Saved_Entity_List,Type_Declaration_Stmt,Common_Stmt,Function_Stmt,Interface_Stmt,Procedure_Declaration_Stmt,Use_Stmt,External_Stmt,Subroutine_Stmt,Equivalence_Stmt
Save_Stmt,Type_Declaration_Stmt,Common_Stmt,Function_Stmt,Interface_Stmt,Procedure_Declaration_Stmt,Use_Stmt,External_Stmt,Subroutine_Stmt,Equivalence_Stmt
Target_Entity_Decl,Equivalence_Stmt,Type_Declaration_Stmt,Namelist_Stmt,Type_Param_Def_Stmt,Common_Stmt,Function_Stmt,Derived_Type_Stmt,Interface_Stmt,Procedure_Declaration_Stmt,Stmt_Function_Stmt,External_Stmt,Subroutine_Stmt,Use_Stmt
Target_Entity_Decl_List,Equivalence_Stmt,Type_Declaration_Stmt,Namelist_Stmt,Type_Param_Def_Stmt,Common_Stmt,Function_Stmt,Derived_Type_Stmt,Interface_Stmt,Procedure_Declaration_Stmt,Stmt_Function_Stmt,External_Stmt,Subroutine_Stmt,Use_Stmt
Target_Stmt,Equivalence_Stmt,Type_Declaration_Stmt,Namelist_Stmt,Type_Param_Def_Stmt,Common_Stmt,Function_Stmt,Derived_Type_Stmt,Interface_Stmt,Procedure_Declaration_Stmt,Stmt_Function_Stmt,External_Stmt,Subroutine_Stmt,Use_Stmt
Volatile_Stmt,Use_Stmt,Type_Declaration_Stmt
Value_Stmt,Use_Stmt,Type_Declaration_Stmt
Specification_Stmt,Equivalence_Stmt,Type_Declaration_Stmt,Namelist_Stmt,Type_Param_Def_Stmt,Common_Stmt,Function_Stmt,Derived_Type_Stmt,Interface_Stmt,Procedure_Declaration_Stmt,Stmt_Function_Stmt,External_Stmt,Subroutine_Stmt,Use_Stmt
Dimension_Attr_Spec,Equivalence_Stmt,Type_Declaration_Stmt,Namelist_Stmt,Type_Param_Def_Stmt,Common_Stmt,Function_Stmt,Derived_Type_Stmt,Interface_Stmt,Procedure_Declaration_Stmt,Stmt_Function_Stmt,External_Stmt,Subroutine_Stmt,Use_Stmt
Intent_Attr_Spec,
Attr_Spec,Equivalence_Stmt,Type_Declaration_Stmt,Namelist_Stmt,Type_Param_Def_Stmt,Common_Stmt,Function_Stmt,Derived_Type_Stmt,Interface_Stmt,Procedure_Declaration_Stmt,Stmt_Function_Stmt,External_Stmt,Subroutine_Stmt,Use_Stmt
Attr_Spec_List,Equivalence_Stmt,Type_Declaration_Stmt,Namelist_Stmt,Type_Param_Def_Stmt,Common_Stmt,Function_Stmt,Derived_Type_Stmt,Interface_Stmt,Procedure_Declaration_Stmt,Stmt_Function_Stmt,External_Stmt,Subroutine_Stmt,Use_Stmt
Initialization,Equivalence_Stmt,Type_Declaration_Stmt,Namelist_Stmt,Type_Param_Def_Stmt,Common_Stmt,Function_Stmt,Derived_Type_Stmt,Interface_Stmt,Procedure_Declaration_Stmt,Stmt_Function_Stmt,External_Stmt,Subroutine_Stmt,Use_Stmt
Entity_Decl,Equivalence_Stmt,Type_Declaration_Stmt,Namelist_Stmt,Type_Param_Def_Stmt,Common_Stmt,Function_Stmt,Derived_Type_Stmt,Interface_Stmt,Procedure_Declaration_Stmt,Stmt_Function_Stmt,External_Stmt,Subroutine_Stmt,Use_Stmt
Entity_Decl_List,Equivalence_Stmt,Type_Declaration_Stmt,Namelist_Stmt,Type_Param_Def_Stmt,Common_Stmt,Function_Stmt,Derived_Type_Stmt,Interface_Stmt,Procedure_Declaration_Stmt,Stmt_Function_Stmt,External_Stmt,Subroutine_Stmt,Use_Stmt
Type_Declaration_Stmt,Equivalence_Stmt,Type_Declaration_Stmt,Namelist_Stmt,Type_Param_Def_Stmt,Common_Stmt,Function_Stmt,Derived_Type_Stmt,Interface_Stmt,Procedure_Declaration_Stmt,Stmt_Function_Stmt,External_Stmt,Subroutine_Stmt,Use_Stmt
Scalar_Expr,Equivalence_Stmt,Type_Declaration_Stmt,Namelist_Stmt,Type_Param_Def_Stmt,Common_Stmt,Function_Stmt,Derived_Type_Stmt,Interface_Stmt,Procedure_Declaration_Stmt,Stmt_Function_Stmt,External_Stmt,Subroutine_Stmt,Use_Stmt
Stmt_Function_Stmt,Equivalence_Stmt,Type_Declaration_Stmt,Namelist_Stmt,Type_Param_Def_Stmt,Common_Stmt,Function_Stmt,Derived_Type_Stmt,Interface_Stmt,Procedure_Declaration_Stmt,Stmt_Function_Stmt,External_Stmt,Subroutine_Stmt,Use_Stmt
Declaration_Construct,Equivalence_Stmt,Type_Declaration_Stmt,Namelist_Stmt,Type_Param_Def_Stmt,Common_Stmt,Function_Stmt,Derived_Type_Stmt,Interface_Stmt,Procedure_Declaration_Stmt,Stmt_Function_Stmt,External_Stmt,Subroutine_Stmt,Use_Stmt
Specification_Part,Equivalence_Stmt,Type_Declaration_Stmt,Namelist_Stmt,Type_Param_Def_Stmt,Common_Stmt,Function_Stmt,Derived_Type_Stmt,Interface_Stmt,Procedure_Declaration_Stmt,Stmt_Function_Stmt,External_Stmt,Subroutine_Stmt,Use_Stmt
Lower_Bound_Expr,Equivalence_Stmt,Type_Declaration_Stmt,Namelist_Stmt,Type_Param_Def_Stmt,Common_Stmt,Function_Stmt,Derived_Type_Stmt,Interface_Stmt,Procedure_Declaration_Stmt,Stmt_Function_Stmt,External_Stmt,Subroutine_Stmt,Use_Stmt
Upper_Bound_Expr,Equivalence_Stmt,Type_Declaration_Stmt,Namelist_Stmt,Type_Param_Def_Stmt,Common_Stmt,Function_Stmt,Derived_Type_Stmt,Interface_Stmt,Procedure_Declaration_Stmt,Stmt_Function_Stmt,External_Stmt,Subroutine_Stmt,Use_Stmt
Allocate_Shape_Spec,Equivalence_Stmt,Type_Declaration_Stmt,Namelist_Stmt,Type_Param_Def_Stmt,Common_Stmt,Function_Stmt,Derived_Type_Stmt,Interface_Stmt,Procedure_Declaration_Stmt,Stmt_Function_Stmt,External_Stmt,Subroutine_Stmt,Use_Stmt
Allocate_Shape_Spec_List,Equivalence_Stmt,Type_Declaration_Stmt,Namelist_Stmt,Type_Param_Def_Stmt,Common_Stmt,Function_Stmt,Derived_Type_Stmt,Interface_Stmt,Procedure_Declaration_Stmt,Stmt_Function_Stmt,External_Stmt,Subroutine_Stmt,Use_Stmt
Allocation,Equivalence_Stmt,Type_Declaration_Stmt,Namelist_Stmt,Type_Param_Def_Stmt,Common_Stmt,Function_Stmt,Derived_Type_Stmt,Interface_Stmt,Procedure_Declaration_Stmt,Stmt_Function_Stmt,External_Stmt,Subroutine_Stmt,Use_Stmt
Allocation_List,Equivalence_Stmt,Type_Declaration_Stmt,Namelist_Stmt,Type_Param_Def_Stmt,Common_Stmt,Function_Stmt,Derived_Type_Stmt,Interface_Stmt,Procedure_Declaration_Stmt,Stmt_Function_Stmt,External_Stmt,Subroutine_Stmt,Use_Stmt
Stat_Variable,Type_Declaration_Stmt,Namelist_Stmt,Common_Stmt,Function_Stmt,Equivalence_Stmt,Subroutine_Stmt,Use_Stmt
Errmsg_Variable,Use_Stmt,Type_Declaration_Stmt
Source_Expr,Equivalence_Stmt,Type_Declaration_Stmt,Namelist_Stmt,Type_Param_Def_Stmt,Common_Stmt,Function_Stmt,Derived_Type_Stmt,Interface_Stmt,Procedure_Declaration_Stmt,Stmt_Function_Stmt,External_Stmt,Subroutine_Stmt,Use_Stmt
Alloc_Opt,Equivalence_Stmt,Type_Declaration_Stmt,Namelist_Stmt,Type_Param_Def_Stmt,Common_Stmt,Function_Stmt,Derived_Type_Stmt,Interface_Stmt,Procedure_Declaration_Stmt,Stmt_Function_Stmt,External_Stmt,Subroutine_Stmt,Use_Stmt
Alloc_Opt_List,Equivalence_Stmt,Type_Declaration_Stmt,Namelist_Stmt,Type_Param_Def_Stmt,Common_Stmt,Function_Stmt,Derived_Type_Stmt,Interface_Stmt,Procedure_Declaration_Stmt,Stmt_Function_Stmt,External_Stmt,Subroutine_Stmt,Use_Stmt
Allocate_Stmt,Equivalence_Stmt,Type_Declaration_Stmt,Namelist_Stmt,Type_Param_Def_Stmt,Common_Stmt,Function_Stmt,Derived_Type_Stmt,Interface_Stmt,Procedure_Declaration_Stmt,Stmt_Function_Stmt,External_Stmt,Subroutine_Stmt,Use_Stmt
Assignment_Stmt,Equivalence_Stmt,Type_Declaration_Stmt,Namelist_Stmt,Common_Stmt,Function_Stmt,Interface_Stmt,Stmt_Function_Stmt,External_Stmt,Use_Stmt
Position_Spec,Use_Stmt,Type_Declaration_Stmt
Position_Spec_List,Use_Stmt,Type_Declaration_Stmt
Backspace_Stmt,Use_Stmt,Type_Declaration_Stmt
Call_Stmt,Equivalence_Stmt,Type_Declaration_Stmt,Proc_Component_Def_Stmt,Namelist_Stmt,Common_Stmt,Function_Stmt,Interface_Stmt,Procedure_Declaration_Stmt,Stmt_Function_Stmt,External_Stmt,Subroutine_Stmt,Use_Stmt
File_Unit_Number,Equivalence_Stmt,Type_Declaration_Stmt,Namelist_Stmt,Type_Param_Def_Stmt,Common_Stmt,Function_Stmt,Derived_Type_Stmt,Interface_Stmt,Procedure_Declaration_Stmt,Stmt_Function_Stmt,External_Stmt,Subroutine_Stmt,Use_Stmt
Default_Char_Expr,Equivalence_Stmt,Type_Declaration_Stmt,Namelist_Stmt,Type_Param_Def_Stmt,Common_Stmt,Function_Stmt,Derived_Type_Stmt,Interface_Stmt,Procedure_Declaration_Stmt,Stmt_Function_Stmt,External_Stmt,Subroutine_Stmt,Use_Stmt
Scalar_Default_Char_Expr,Equivalence_Stmt,Type_Declaration_Stmt,Namelist_Stmt,Type_Param_Def_Stmt,Common_Stmt,Function_Stmt,Derived_Type_Stmt,Interface_Stmt,Procedure_Declaration_Stmt,Stmt_Function_Stmt,External_Stmt,Subroutine_Stmt,Use_Stmt
Iomsg_Variable,Use_Stmt,Type_Declaration_Stmt
Close_Spec,Equivalence_Stmt,Type_Declaration_Stmt,Namelist_Stmt,Type_Param_Def_Stmt,Common_Stmt,Function_Stmt,Derived_Type_Stmt,Interface_Stmt,Procedure_Declaration_Stmt,Stmt_Function_Stmt,External_Stmt,Subroutine_Stmt,Use_Stmt
Close_Spec_List,Equivalence_Stmt,Type_Declaration_Stmt,Namelist_Stmt,Type_Param_Def_Stmt,Common_Stmt,Function_Stmt,Derived_Type_Stmt,Interface_Stmt,Procedure_Declaration_Stmt,Stmt_Function_Stmt,External_Stmt,Subroutine_Stmt,Use_Stmt
Close_Stmt,Equivalence_Stmt,Type_Declaration_Stmt,Namelist_Stmt,Type_Param_Def_Stmt,Common_Stmt,Function_Stmt,Derived_Type_Stmt,Interface_Stmt,Procedure_Declaration_Stmt,Stmt_Function_Stmt,External_Stmt,Subroutine_Stmt,Use_Stmt
Continue_Stmt,
Cycle_Stmt,Do_Stmt,Label_Do_Stmt
Allocate_Object,Use_Stmt,Type_Declaration_Stmt
Allocate_Object_List,Use_Stmt,Type_Declaration_Stmt
Dealloc_Opt,Type_Declaration_Stmt,Namelist_Stmt,Common_Stmt,Function_Stmt,Equivalence_Stmt,Subroutine_Stmt,Use_Stmt
Dealloc_Opt_List,Type_Declaration_Stmt,Namelist_Stmt,Common_Stmt,Function_Stmt,Equivalence_Stmt,Subroutine_Stmt,Use_Stmt
Deallocate_Stmt,Type_Declaration_Stmt,Namelist_Stmt,Common_Stmt,Function_Stmt,Equivalence_Stmt,Subroutine_Stmt,Use_Stmt
Endfile_Stmt,Use_Stmt,Type_Declaration_Stmt
Exit_Stmt,Do_Stmt,Label_Do_Stmt
Flush_Stmt,Use_Stmt,Type_Declaration_Stmt
Forall_Triplet_Spec,Equivalence_Stmt,Type_Declaration_Stmt,Namelist_Stmt,Common_Stmt,Function_Stmt,Interface_Stmt,Stmt_Function_Stmt,External_Stmt,Use_Stmt
Forall_Triplet_Spec_List,Equivalence_Stmt,Type_Declaration_Stmt,Namelist_Stmt,Common_Stmt,Function_Stmt,Interface_Stmt,Stmt_Function_Stmt,External_Stmt,Use_Stmt
Logical_Expr,Equivalence_Stmt,Type_Declaration_Stmt,Namelist_Stmt,Type_Param_Def_Stmt,Common_Stmt,Function_Stmt,Derived_Type_Stmt,Interface_Stmt,Procedure_Declaration_Stmt,Stmt_Function_Stmt,External_Stmt,Subroutine_Stmt,Use_Stmt
Mask_Expr,Equivalence_Stmt,Type_Declaration_Stmt,Namelist_Stmt,Type_Param_Def_Stmt,Common_Stmt,Function_Stmt,Derived_Type_Stmt,Interface_Stmt,Procedure_Declaration_Stmt,Stmt_Function_Stmt,External_Stmt,Subroutine_Stmt,Use_Stmt
Scalar_Mask_Expr,Equivalence_Stmt,Type_Declaration_Stmt,Namelist_Stmt,Type_Param_Def_Stmt,Common_Stmt,Function_Stmt,Derived_Type_Stmt,Interface_Stmt,Procedure_Declaration_Stmt,Stmt_Function_Stmt,External_Stmt,Subroutine_Stmt,Use_Stmt
Forall_Header,Equivalence_Stmt,Type_Declaration_Stmt,Namelist_Stmt,Type_Param_Def_Stmt,Common_Stmt,Function_Stmt,Derived_Type_Stmt,Interface_Stmt,Procedure_Declaration_Stmt,Stmt_Function_Stmt,External_Stmt,Subroutine_Stmt,Use_Stmt
Data_Pointer_Component_Name,Data_Component_Def_Stmt
Data_Pointer_Object,Data_Component_Def_Stmt,Use_Stmt,Type_Declaration_Stmt
Bounds_Spec,Equivalence_Stmt,Type_Declaration_Stmt,Namelist_Stmt,Type_Param_Def_Stmt,Common_Stmt,Function_Stmt,Derived_Type_Stmt,Interface_Stmt,Procedure_Declaration_Stmt,Stmt_Function_Stmt,External_Stmt,Subroutine_Stmt,Use_Stmt
Bounds_Spec_List,Equivalence_Stmt,Type_Declaration_Stmt,Namelist_Stmt,Type_Param_Def_Stmt,Common_Stmt,Function_Stmt,Derived_Type_Stmt,Interface_Stmt,Procedure_Declaration_Stmt,Stmt_Function_Stmt,External_Stmt,Subroutine_Stmt,Use_Stmt
Data_Target,Equivalence_Stmt,Type_Declaration_Stmt,Namelist_Stmt,Common_Stmt,Function_Stmt,Interface_Stmt,Stmt_Function_Stmt,External_Stmt,Subroutine_Stmt,Use_Stmt
Bounds_Remapping,
Bounds_Remapping_List,
Proc_Pointer_Object,Type_Declaration_Stmt,Proc_Component_Def_Stmt,Namelist_Stmt,Common_Stmt,Function_Stmt,Equivalence_Stmt,Subroutine_Stmt,Use_Stmt
Proc_Target,Equivalence_Stmt,Type_Declaration_Stmt,Proc_Component_Def_Stmt,Namelist_Stmt,Common_Stmt,Function_Stmt,Interface_Stmt,Procedure_Declaration_Stmt,Stmt_Function_Stmt,External_Stmt,Subroutine_Stmt,Use_Stmt
Pointer_Assignment_Stmt,Equivalence_Stmt,Type_Declaration_Stmt,Proc_Component_Def_Stmt,Namelist_Stmt,Type_Param_Def_Stmt,Common_Stmt,Data_Component_Def_Stmt,Function_Stmt,Derived_Type_Stmt,Interface_Stmt,Procedure_Declaration_Stmt,Stmt_Function_Stmt,External_Stmt,Subroutine_Stmt,Use_Stmt
Forall_Assignment_Stmt,Equivalence_Stmt,Type_Declaration_Stmt,Proc_Component_Def_Stmt,Namelist_Stmt,Type_Param_Def_Stmt,Common_Stmt,Data_Component_Def_Stmt,Function_Stmt,Derived_Type_Stmt,Interface_Stmt,Procedure_Declaration_Stmt,Stmt_Function_Stmt,External_Stmt,Subroutine_Stmt,Use_Stmt
Forall_Stmt,Equivalence_Stmt,Type_Declaration_Stmt,Proc_Component_Def_Stmt,Namelist_Stmt,Type_Param_Def_Stmt,Common_Stmt,Data_Component_Def_Stmt,Function_Stmt,Derived_Type_Stmt,Interface_Stmt,Procedure_Declaration_Stmt,Stmt_Function_Stmt,External_Stmt,Subroutine_Stmt,Use_Stmt
Goto_Stmt,
File_Name_Expr,Equivalence_Stmt,Type_Declaration_Stmt,Namelist_Stmt,Type_Param_Def_Stmt,Common_Stmt,Function_Stmt,Derived_Type_Stmt,Interface_Stmt,Procedure_Declaration_Stmt,Stmt_Function_Stmt,External_Stmt,Subroutine_Stmt,Use_Stmt
Variable,Type_Declaration_Stmt,Namelist_Stmt,Common_Stmt,Function_Stmt,Equivalence_Stmt,Subroutine_Stmt,Use_Stmt
Default_Char_Variable,Type_Declaration_Stmt,Namelist_Stmt,Common_Stmt,Function_Stmt,Equivalence_Stmt,Subroutine_Stmt,Use_Stmt
Scalar_Default_Char_Variable,Type_Declaration_Stmt,Namelist_Stmt,Common_Stmt,Function_Stmt,Equivalence_Stmt,Subroutine_Stmt,Use_Stmt
Default_Logical_Variable,Type_Declaration_Stmt,Namelist_Stmt,Common_Stmt,Function_Stmt,Equivalence_Stmt,Subroutine_Stmt,Use_Stmt
Scalar_Default_Logical_Variable,Type_Declaration_Stmt,Namelist_Stmt,Common_Stmt,Function_Stmt,Equivalence_Stmt,Subroutine_Stmt,Use_Stmt
Inquire_Spec,Equivalence_Stmt,Type_Declaration_Stmt,Namelist_Stmt,Type_Param_Def_Stmt,Common_Stmt,Function_Stmt,Derived_Type_Stmt,Interface_Stmt,Procedure_Declaration_Stmt,Stmt_Function_Stmt,External_Stmt,Subroutine_Stmt,Use_Stmt
Inquire_Spec_List,Equivalence_Stmt,Type_Declaration_Stmt,Namelist_Stmt,Type_Param_Def_Stmt,Common_Stmt,Function_Stmt,Derived_Type_Stmt,Interface_Stmt,Procedure_Declaration_Stmt,Stmt_Function_Stmt,External_Stmt,Subroutine_Stmt,Use_Stmt
Input_Item,Equivalence_Stmt,Type_Declaration_Stmt,Namelist_Stmt,Type_Param_Def_Stmt,Common_Stmt,Function_Stmt,Derived_Type_Stmt,Interface_Stmt,Procedure_Declaration_Stmt,Stmt_Function_Stmt,External_Stmt,Subroutine_Stmt,Use_Stmt
Io_Implied_Do_Object,Equivalence_Stmt,Type_Declaration_Stmt,Namelist_Stmt,Type_Param_Def_Stmt,Common_Stmt,Function_Stmt,Derived_Type_Stmt,Interface_Stmt,Procedure_Declaration_Stmt,Stmt_Function_Stmt,External_Stmt,Subroutine_Stmt,Use_Stmt
Io_Implied_Do_Object_List,Equivalence_Stmt,Type_Declaration_Stmt,Namelist_Stmt,Type_Param_Def_Stmt,Common_Stmt,Function_Stmt,Derived_Type_Stmt,Interface_Stmt,Procedure_Declaration_Stmt,Stmt_Function_Stmt,External_Stmt,Subroutine_Stmt,Use_Stmt
Do_Variable,Type_Declaration_Stmt,Namelist_Stmt,Common_Stmt,Function_Stmt,Equivalence_Stmt,Subroutine_Stmt,Use_Stmt
Io_Implied_Do_Control,Equivalence_Stmt,Type_Declaration_Stmt,Namelist_Stmt,Type_Param_Def_Stmt,Common_Stmt,Function_Stmt,Derived_Type_Stmt,Interface_Stmt,Procedure_Declaration_Stmt,Stmt_Function_Stmt,External_Stmt,Subroutine_Stmt,Use_Stmt
Io_Implied_Do,Equivalence_Stmt,Type_Declaration_Stmt,Namelist_Stmt,Type_Param_Def_Stmt,Common_Stmt,Function_Stmt,Derived_Type_Stmt,Interface_Stmt,Procedure_Declaration_Stmt,Stmt_Function_Stmt,External_Stmt,Subroutine_Stmt,Use_Stmt
Output_Item,Equivalence_Stmt,Type_Declaration_Stmt,Namelist_Stmt,Type_Param_Def_Stmt,Common_Stmt,Function_Stmt,Derived_Type_Stmt,Interface_Stmt,Procedure_Declaration_Stmt,Stmt_Function_Stmt,External_Stmt,Subroutine_Stmt,Use_Stmt
Output_Item_List,Equivalence_Stmt,Type_Declaration_Stmt,Namelist_Stmt,Type_Param_Def_Stmt,Common_Stmt,Function_Stmt,Derived_Type_Stmt,Interface_Stmt,Procedure_Declaration_Stmt,Stmt_Function_Stmt,External_Stmt,Subroutine_Stmt,Use_Stmt
Inquire_Stmt,Equivalence_Stmt,Type_Declaration_Stmt,Namelist_Stmt,Type_Param_Def_Stmt,Common_Stmt,Function_Stmt,Derived_Type_Stmt,Interface_Stmt,Procedure_Declaration_Stmt,Stmt_Function_Stmt,External_Stmt,Subroutine_Stmt,Use_Stmt
Pointer_Object,Equivalence_Stmt,Type_Declaration_Stmt,Namelist_Stmt,Common_Stmt,Function_Stmt,Interface_Stmt,Stmt_Function_Stmt,External_Stmt,Subroutine_Stmt,Use_Stmt
Pointer_Object_List,Equivalence_Stmt,Type_Declaration_Stmt,Namelist_Stmt,Common_Stmt,Function_Stmt,Interface_Stmt,Stmt_Function_Stmt,External_Stmt,Subroutine_Stmt,Use_Stmt
Nullify_Stmt,Equivalence_Stmt,Type_Declaration_Stmt,Namelist_Stmt,Common_Stmt,Function_Stmt,Interface_Stmt,Stmt_Function_Stmt,External_Stmt,Subroutine_Stmt,Use_Stmt
Connect_Spec,Equivalence_Stmt,Type_Declaration_Stmt,Namelist_Stmt,Type_Param_Def_Stmt,Common_Stmt,Function_Stmt,Derived_Type_Stmt,Interface_Stmt,Procedure_Declaration_Stmt,Stmt_Function_Stmt,External_Stmt,Subroutine_Stmt,Use_Stmt
Connect_Spec_List,Equivalence_Stmt,Type_Declaration_Stmt,Namelist_Stmt,Type_Param_Def_Stmt,Common_Stmt,Function_Stmt,Derived_Type_Stmt,Interface_Stmt,Procedure_Declaration_Stmt,Stmt_Function_Stmt,External_Stmt,Subroutine_Stmt,Use_Stmt
Open_Stmt,Equivalence_Stmt,Type_Declaration_Stmt,Namelist_Stmt,Type_Param_Def_Stmt,Common_Stmt,Function_Stmt,Derived_Type_Stmt,Interface_Stmt,Procedure_Declaration_Stmt,Stmt_Function_Stmt,External_Stmt,Subroutine_Stmt,Use_Stmt
Format,Equivalence_Stmt,Type_Declaration_Stmt,Namelist_Stmt,Type_Param_Def_Stmt,Common_Stmt,Function_Stmt,Derived_Type_Stmt,Interface_Stmt,Procedure_Declaration_Stmt,Stmt_Function_Stmt,External_Stmt,Subroutine_Stmt,Use_Stmt
Print_Stmt,Equivalence_Stmt,Type_Declaration_Stmt,Namelist_Stmt,Type_Param_Def_Stmt,Common_Stmt,Function_Stmt,Derived_Type_Stmt,Interface_Stmt,Procedure_Declaration_Stmt,Stmt_Function_Stmt,External_Stmt,Subroutine_Stmt,Use_Stmt
Char_Variable,Type_Declaration_Stmt,Namelist_Stmt,Common_Stmt,Function_Stmt,Equivalence_Stmt,Subroutine_Stmt,Use_Stmt
Internal_File_Variable,Type_Declaration_Stmt,Namelist_Stmt,Common_Stmt,Function_Stmt,Equivalence_Stmt,Subroutine_Stmt,Use_Stmt
Io_Unit,Equivalence_Stmt,Type_Declaration_Stmt,Namelist_Stmt,Type_Param_Def_Stmt,Common_Stmt,Function_Stmt,Derived_Type_Stmt,Interface_Stmt,Procedure_Declaration_Stmt,Stmt_Function_Stmt,External_Stmt,Subroutine_Stmt,Use_Stmt
Namelist_Group_Name,Namelist_Stmt
Io_Control_Spec,Equivalence_Stmt,Type_Declaration_Stmt,Namelist_Stmt,Type_Param_Def_Stmt,Common_Stmt,Function_Stmt,Derived_Type_Stmt,Interface_Stmt,Procedure_Declaration_Stmt,Stmt_Function_Stmt,External_Stmt,Subroutine_Stmt,Use_Stmt
Io_Control_Spec_List,Equivalence_Stmt,Type_Declaration_Stmt,Namelist_Stmt,Type_Param_Def_Stmt,Common_Stmt,Function_Stmt,Derived_Type_Stmt,Interface_Stmt,Procedure_Declaration_Stmt,Stmt_Function_Stmt,External_Stmt,Subroutine_Stmt,Use_Stmt
Input_Item_List,Equivalence_Stmt,Type_Declaration_Stmt,Namelist_Stmt,Type_Param_Def_Stmt,Common_Stmt,Function_Stmt,Derived_Type_Stmt,Interface_Stmt,Procedure_Declaration_Stmt,Stmt_Function_Stmt,External_Stmt,Subroutine_Stmt,Use_Stmt
Read_Stmt,Equivalence_Stmt,Type_Declaration_Stmt,Namelist_Stmt,Type_Param_Def_Stmt,Common_Stmt,Function_Stmt,Derived_Type_Stmt,Interface_Stmt,Procedure_Declaration_Stmt,Stmt_Function_Stmt,External_Stmt,Subroutine_Stmt,Use_Stmt
Return_Stmt,Equivalence_Stmt,Type_Declaration_Stmt,Namelist_Stmt,Type_Param_Def_Stmt,Common_Stmt,Function_Stmt,Derived_Type_Stmt,Interface_Stmt,Procedure_Declaration_Stmt,Stmt_Function_Stmt,External_Stmt,Subroutine_Stmt,Use_Stmt
Rewind_Stmt,Equivalence_Stmt,Type_Declaration_Stmt,Namelist_Stmt,Type_Param_Def_Stmt,Common_Stmt,Function_Stmt,Derived_Type_Stmt,Interface_Stmt,Procedure_Declaration_Stmt,Stmt_Function_Stmt,External_Stmt,Subroutine_Stmt,Use_Stmt
Char_Constant,Type_Declaration_Stmt,Namelist_Stmt,Common_Stmt,Function_Stmt,Equivalence_Stmt,Subroutine_Stmt,Use_Stmt
Scalar_Char_Constant,Type_Declaration_Stmt,Namelist_Stmt,Common_Stmt,Function_Stmt,Equivalence_Stmt,Subroutine_Stmt,Use_Stmt
Stop_Code,Type_Declaration_Stmt,Namelist_Stmt,Common_Stmt,Function_Stmt,Equivalence_Stmt,Subroutine_Stmt,Use_Stmt
Stop_Stmt,Type_Declaration_Stmt,Namelist_Stmt,Common_Stmt,Function_Stmt,Equivalence_Stmt,Subroutine_Stmt,Use_Stmt
Wait_Spec,Equivalence_Stmt,Type_Declaration_Stmt,Namelist_Stmt,Type_Param_Def_Stmt,Common_Stmt,Function_Stmt,Derived_Type_Stmt,Interface_Stmt,Procedure_Declaration_Stmt,Stmt_Function_Stmt,External_Stmt,Subroutine_Stmt,Use_Stmt
Wait_Spec_List,Equivalence_Stmt,Type_Declaration_Stmt,Namelist_Stmt,Type_Param_Def_Stmt,Common_Stmt,Function_Stmt,Derived_Type_Stmt,Interface_Stmt,Procedure_Declaration_Stmt,Stmt_Function_Stmt,External_Stmt,Subroutine_Stmt,Use_Stmt
Wait_Stmt,Equivalence_Stmt,Type_Declaration_Stmt,Namelist_Stmt,Type_Param_Def_Stmt,Common_Stmt,Function_Stmt,Derived_Type_Stmt,Interface_Stmt,Procedure_Declaration_Stmt,Stmt_Function_Stmt,External_Stmt,Subroutine_Stmt,Use_Stmt
Where_Assignment_Stmt,Equivalence_Stmt,Type_Declaration_Stmt,Namelist_Stmt,Common_Stmt,Function_Stmt,Interface_Stmt,Stmt_Function_Stmt,External_Stmt,Use_Stmt
Where_Stmt,Equivalence_Stmt,Type_Declaration_Stmt,Namelist_Stmt,Type_Param_Def_Stmt,Common_Stmt,Function_Stmt,Derived_Type_Stmt,Interface_Stmt,Procedure_Declaration_Stmt,Stmt_Function_Stmt,External_Stmt,Subroutine_Stmt,Use_Stmt
Write_Stmt,Equivalence_Stmt,Type_Declaration_Stmt,Namelist_Stmt,Type_Param_Def_Stmt,Common_Stmt,Function_Stmt,Derived_Type_Stmt,Interface_Stmt,Procedure_Declaration_Stmt,Stmt_Function_Stmt,External_Stmt,Subroutine_Stmt,Use_Stmt
Numeric_Expr,Equivalence_Stmt,Type_Declaration_Stmt,Namelist_Stmt,Type_Param_Def_Stmt,Common_Stmt,Function_Stmt,Derived_Type_Stmt,Interface_Stmt,Procedure_Declaration_Stmt,Stmt_Function_Stmt,External_Stmt,Subroutine_Stmt,Use_Stmt
Scalar_Numeric_Expr,Equivalence_Stmt,Type_Declaration_Stmt,Namelist_Stmt,Type_Param_Def_Stmt,Common_Stmt,Function_Stmt,Derived_Type_Stmt,Interface_Stmt,Procedure_Declaration_Stmt,Stmt_Function_Stmt,External_Stmt,Subroutine_Stmt,Use_Stmt
Arithmetic_If_Stmt,Equivalence_Stmt,Type_Declaration_Stmt,Namelist_Stmt,Type_Param_Def_Stmt,Common_Stmt,Function_Stmt,Derived_Type_Stmt,Interface_Stmt,Procedure_Declaration_Stmt,Stmt_Function_Stmt,External_Stmt,Subroutine_Stmt,Use_Stmt
Label_List,
Computed_Goto_Stmt,Equivalence_Stmt,Type_Declaration_Stmt,Namelist_Stmt,Type_Param_Def_Stmt,Common_Stmt,Function_Stmt,Derived_Type_Stmt,Interface_Stmt,Procedure_Declaration_Stmt,Stmt_Function_Stmt,External_Stmt,Subroutine_Stmt,Use_Stmt
Action_Stmt_C802,Type_Declaration_Stmt,Proc_Component_Def_Stmt,Namelist_Stmt,Type_Param_Def_Stmt,Common_Stmt,Data_Component_Def_Stmt,Function_Stmt,Derived_Type_Stmt,Do_Stmt,Label_Do_Stmt,External_Stmt,Interface_Stmt,Procedure_Declaration_Stmt,Equivalence_Stmt,Stmt_Function_Stmt,Subroutine_Stmt,Use_Stmt
If_Stmt,Type_Declaration_Stmt,Proc_Component_Def_Stmt,Namelist_Stmt,Type_Param_Def_Stmt,Common_Stmt,Data_Component_Def_Stmt,Function_Stmt,Derived_Type_Stmt,Do_Stmt,Label_Do_Stmt,External_Stmt,Interface_Stmt,Procedure_Declaration_Stmt,Equivalence_Stmt,Stmt_Function_Stmt,Subroutine_Stmt,Use_Stmt
Action_Stmt_C201,Type_Declaration_Stmt,Proc_Component_Def_Stmt,Namelist_Stmt,Type_Param_Def_Stmt,Common_Stmt,Data_Component_Def_Stmt,Function_Stmt,Derived_Type_Stmt,Do_Stmt,Label_Do_Stmt,External_Stmt,Interface_Stmt,Procedure_Declaration_Stmt,Equivalence_Stmt,Stmt_Function_Stmt,Subroutine_Stmt,Use_Stmt
Selector,Equivalence_Stmt,Type_Declaration_Stmt,Namelist_Stmt,Type_Param_Def_Stmt,Common_Stmt,Function_Stmt,Derived_Type_Stmt,Interface_Stmt,Procedure_Declaration_Stmt,Stmt_Function_Stmt,External_Stmt,Subroutine_Stmt,Use_Stmt
Association,Equivalence_Stmt,Type_Declaration_Stmt,Namelist_Stmt,Type_Param_Def_Stmt,Common_Stmt,Function_Stmt,Derived_Type_Stmt,Interface_Stmt,Procedure_Declaration_Stmt,Stmt_Function_Stmt,External_Stmt,Subroutine_Stmt,Use_Stmt
Association_List,Equivalence_Stmt,Type_Declaration_Stmt,Namelist_Stmt,Type_Param_Def_Stmt,Common_Stmt,Function_Stmt,Derived_Type_Stmt,Interface_Stmt,Procedure_Declaration_Stmt,Stmt_Function_Stmt,External_Stmt,Subroutine_Stmt,Use_Stmt
Associate_Stmt,Equivalence_Stmt,Type_Declaration_Stmt,Namelist_Stmt,Type_Param_Def_Stmt,Common_Stmt,Function_Stmt,Derived_Type_Stmt,Interface_Stmt,Procedure_Declaration_Stmt,Stmt_Function_Stmt,External_Stmt,Subroutine_Stmt,Use_Stmt
Scalar_Char_Expr,Equivalence_Stmt,Type_Declaration_Stmt,Namelist_Stmt,Type_Param_Def_Stmt,Common_Stmt,Function_Stmt,Derived_Type_Stmt,Interface_Stmt,Procedure_Declaration_Stmt,Stmt_Function_Stmt,External_Stmt,Subroutine_Stmt,Use_Stmt
Scalar_Logical_Expr,Equivalence_Stmt,Type_Declaration_Stmt,Namelist_Stmt,Type_Param_Def_Stmt,Common_Stmt,Function_Stmt,Derived_Type_Stmt,Interface_Stmt,Procedure_Declaration_Stmt,Stmt_Function_Stmt,External_Stmt,Subroutine_Stmt,Use_Stmt
Case_Expr,Equivalence_Stmt,Type_Declaration_Stmt,Namelist_Stmt,Type_Param_Def_Stmt,Common_Stmt,Function_Stmt,Derived_Type_Stmt,Interface_Stmt,Procedure_Declaration_Stmt,Stmt_Function_Stmt,External_Stmt,Subroutine_Stmt,Use_Stmt
Select_Case_Stmt,Equivalence_Stmt,Type_Declaration_Stmt,Namelist_Stmt,Type_Param_Def_Stmt,Common_Stmt,Function_Stmt,Derived_Type_Stmt,Interface_Stmt,Procedure_Declaration_Stmt,Stmt_Function_Stmt,External_Stmt,Subroutine_Stmt,Use_Stmt
Logical_Initialization_Expr,Equivalence_Stmt,Type_Declaration_Stmt,Namelist_Stmt,Type_Param_Def_Stmt,Common_Stmt,Function_Stmt,Derived_Type_Stmt,Interface_Stmt,Procedure_Declaration_Stmt,Stmt_Function_Stmt,External_Stmt,Subroutine_Stmt,Use_Stmt
Scalar_Logical_Initialization_Expr,Equivalence_Stmt,Type_Declaration_Stmt,Namelist_Stmt,Type_Param_Def_Stmt,Common_Stmt,Function_Stmt,Derived_Type_Stmt,Interface_Stmt,Procedure_Declaration_Stmt,Stmt_Function_Stmt,External_Stmt,Subroutine_Stmt,Use_Stmt
Case_Value,Equivalence_Stmt,Type_Declaration_Stmt,Namelist_Stmt,Type_Param_Def_Stmt,Common_Stmt,Function_Stmt,Derived_Type_Stmt,Interface_Stmt,Procedure_Declaration_Stmt,Stmt_Function_Stmt,External_Stmt,Subroutine_Stmt,Use_Stmt
Case_Value_Range,Equivalence_Stmt,Type_Declaration_Stmt,Namelist_Stmt,Type_Param_Def_Stmt,Common_Stmt,Function_Stmt,Derived_Type_Stmt,Interface_Stmt,Procedure_Declaration_Stmt,Stmt_Function_Stmt,External_Stmt,Subroutine_Stmt,Use_Stmt
Case_Value_Range_List,Equivalence_Stmt,Type_Declaration_Stmt,Namelist_Stmt,Type_Param_Def_Stmt,Common_Stmt,Function_Stmt,Derived_Type_Stmt,Interface_Stmt,Procedure_Declaration_Stmt,Stmt_Function_Stmt,External_Stmt,Subroutine_Stmt,Use_Stmt
Case_Selector,Equivalence_Stmt,Type_Declaration_Stmt,Namelist_Stmt,Type_Param_Def_Stmt,Common_Stmt,Function_Stmt,Derived_Type_Stmt,Interface_Stmt,Procedure_Declaration_Stmt,Stmt_Function_Stmt,External_Stmt,Subroutine_Stmt,Use_Stmt
Case_Stmt,Equivalence_Stmt,Type_Declaration_Stmt,Namelist_Stmt,Type_Param_Def_Stmt,Common_Stmt,Function_Stmt,Derived_Type_Stmt,Interface_Stmt,Procedure_Declaration_Stmt,Stmt_Function_Stmt,External_Stmt,Subroutine_Stmt,Use_Stmt
End_Select_Stmt,
Action_Stmt,Type_Declaration_Stmt,Proc_Component_Def_Stmt,Namelist_Stmt,Type_Param_Def_Stmt,Common_Stmt,Data_Component_Def_Stmt,Function_Stmt,Derived_Type_Stmt,Do_Stmt,Label_Do_Stmt,External_Stmt,Interface_Stmt,Procedure_Declaration_Stmt,Equivalence_Stmt,Stmt_Function_Stmt,Subroutine_Stmt,Use_Stmt
Loop_Control,Equivalence_Stmt,Type_Declaration_Stmt,Namelist_Stmt,Type_Param_Def_Stmt,Common_Stmt,Function_Stmt,Derived_Type_Stmt,Interface_Stmt,Procedure_Declaration_Stmt,Stmt_Function_Stmt,External_Stmt,Subroutine_Stmt,Use_Stmt
Label_Do_Stmt,Equivalence_Stmt,Type_Declaration_Stmt,Namelist_Stmt,Type_Param_Def_Stmt,Common_Stmt,Function_Stmt,Derived_Type_Stmt,Interface_Stmt,Procedure_Declaration_Stmt,Stmt_Function_Stmt,External_Stmt,Subroutine_Stmt,Use_Stmt
End_Do_Stmt,
End_Do,
Block_Label_Do_Construct,Type_Declaration_Stmt,Proc_Component_Def_Stmt,Namelist_Stmt,Type_Param_Def_Stmt,Common_Stmt,Data_Component_Def_Stmt,Function_Stmt,Derived_Type_Stmt,Do_Stmt,Label_Do_Stmt,External_Stmt,Interface_Stmt,Procedure_Declaration_Stmt,Equivalence_Stmt,Stmt_Function_Stmt,Subroutine_Stmt,Use_Stmt
Nonlabel_Do_Stmt,Equivalence_Stmt,Type_Declaration_Stmt,Namelist_Stmt,Type_Param_Def_Stmt,Common_Stmt,Function_Stmt,Derived_Type_Stmt,Interface_Stmt,Procedure_Declaration_Stmt,Stmt_Function_Stmt,External_Stmt,Subroutine_Stmt,Use_Stmt
Block_Nonlabel_Do_Construct,Type_Declaration_Stmt,Proc_Component_Def_Stmt,Namelist_Stmt,Type_Param_Def_Stmt,Common_Stmt,Data_Component_Def_Stmt,Function_Stmt,Derived_Type_Stmt,Do_Stmt,Label_Do_Stmt,External_Stmt,Interface_Stmt,Procedure_Declaration_Stmt,Equivalence_Stmt,Stmt_Function_Stmt,Subroutine_Stmt,Use_Stmt
Block_Do_Construct,Type_Declaration_Stmt,Proc_Component_Def_Stmt,Namelist_Stmt,Type_Param_Def_Stmt,Common_Stmt,Data_Component_Def_Stmt,Function_Stmt,Derived_Type_Stmt,Do_Stmt,Label_Do_Stmt,External_Stmt,Interface_Stmt,Procedure_Declaration_Stmt,Equivalence_Stmt,Stmt_Function_Stmt,Subroutine_Stmt,Use_Stmt
Action_Stmt_C824,Type_Declaration_Stmt,Proc_Component_Def_Stmt,Namelist_Stmt,Type_Param_Def_Stmt,Common_Stmt,Data_Component_Def_Stmt,Function_Stmt,Derived_Type_Stmt,Do_Stmt,Label_Do_Stmt,External_Stmt,Interface_Stmt,Procedure_Declaration_Stmt,Equivalence_Stmt,Stmt_Function_Stmt,Subroutine_Stmt,Use_Stmt
Do_Term_Action_Stmt,Type_Declaration_Stmt,Proc_Component_Def_Stmt,Namelist_Stmt,Type_Param_Def_Stmt,Common_Stmt,Data_Component_Def_Stmt,Function_Stmt,Derived_Type_Stmt,Do_Stmt,Label_Do_Stmt,External_Stmt,Interface_Stmt,Procedure_Declaration_Stmt,Equivalence_Stmt,Stmt_Function_Stmt,Subroutine_Stmt,Use_Stmt
Action_Term_Do_Construct,Type_Declaration_Stmt,Proc_Component_Def_Stmt,Namelist_Stmt,Type_Param_Def_Stmt,Common_Stmt,Data_Component_Def_Stmt,Function_Stmt,Derived_Type_Stmt,Do_Stmt,Label_Do_Stmt,External_Stmt,Interface_Stmt,Procedure_Declaration_Stmt,Equivalence_Stmt,Stmt_Function_Stmt,Subroutine_Stmt,Use_Stmt
Do_Body,Type_Declaration_Stmt,Proc_Component_Def_Stmt,Namelist_Stmt,Type_Param_Def_Stmt,Common_Stmt,Data_Component_Def_Stmt,Function_Stmt,Derived_Type_Stmt,Do_Stmt,Label_Do_Stmt,External_Stmt,Interface_Stmt,Procedure_Declaration_Stmt,Equivalence_Stmt,Stmt_Function_Stmt,Subroutine_Stmt,Use_Stmt
Do_Term_Shared_Stmt,Type_Declaration_Stmt,Proc_Component_Def_Stmt,Namelist_Stmt,Type_Param_Def_Stmt,Common_Stmt,Data_Component_Def_Stmt,Function_Stmt,Derived_Type_Stmt,Do_Stmt,Label_Do_Stmt,External_Stmt,Interface_Stmt,Procedure_Declaration_Stmt,Equivalence_Stmt,Stmt_Function_Stmt,Subroutine_Stmt,Use_Stmt
Inner_Shared_Do_Construct,Type_Declaration_Stmt,Proc_Component_Def_Stmt,Namelist_Stmt,Type_Param_Def_Stmt,Common_Stmt,Data_Component_Def_Stmt,Function_Stmt,Derived_Type_Stmt,Do_Stmt,Label_Do_Stmt,External_Stmt,Interface_Stmt,Procedure_Declaration_Stmt,Equivalence_Stmt,Stmt_Function_Stmt,Subroutine_Stmt,Use_Stmt
Shared_Term_Do_Construct,Type_Declaration_Stmt,Proc_Component_Def_Stmt,Namelist_Stmt,Type_Param_Def_Stmt,Common_Stmt,Data_Component_Def_Stmt,Function_Stmt,Derived_Type_Stmt,Do_Stmt,Label_Do_Stmt,External_Stmt,Interface_Stmt,Procedure_Declaration_Stmt,Equivalence_Stmt,Stmt_Function_Stmt,Subroutine_Stmt,Use_Stmt
Outer_Shared_Do_Construct,Type_Declaration_Stmt,Proc_Component_Def_Stmt,Namelist_Stmt,Type_Param_Def_Stmt,Common_Stmt,Data_Component_Def_Stmt,Function_Stmt,Derived_Type_Stmt,Do_Stmt,Label_Do_Stmt,External_Stmt,Interface_Stmt,Procedure_Declaration_Stmt,Equivalence_Stmt,Stmt_Function_Stmt,Subroutine_Stmt,Use_Stmt
Nonblock_Do_Construct,Type_Declaration_Stmt,Proc_Component_Def_Stmt,Namelist_Stmt,Type_Param_Def_Stmt,Common_Stmt,Data_Component_Def_Stmt,Function_Stmt,Derived_Type_Stmt,Do_Stmt,Label_Do_Stmt,External_Stmt,Interface_Stmt,Procedure_Declaration_Stmt,Equivalence_Stmt,Stmt_Function_Stmt,Subroutine_Stmt,Use_Stmt
Do_Construct,Type_Declaration_Stmt,Proc_Component_Def_Stmt,Namelist_Stmt,Type_Param_Def_Stmt,Common_Stmt,Data_Component_Def_Stmt,Function_Stmt,Derived_Type_Stmt,Do_Stmt,Label_Do_Stmt,External_Stmt,Interface_Stmt,Procedure_Declaration_Stmt,Equivalence_Stmt,Stmt_Function_Stmt,Subroutine_Stmt,Use_Stmt
Forall_Construct_Stmt,Equivalence_Stmt,Type_Declaration_Stmt,Namelist_Stmt,Type_Param_Def_Stmt,Common_Stmt,Function_Stmt,Derived_Type_Stmt,Interface_Stmt,Procedure_Declaration_Stmt,Stmt_Function_Stmt,External_Stmt,Subroutine_Stmt,Use_Stmt
Where_Construct_Stmt,Equivalence_Stmt,Type_Declaration_Stmt,Namelist_Stmt,Type_Param_Def_Stmt,Common_Stmt,Function_Stmt,Derived_Type_Stmt,Interface_Stmt,Procedure_Declaration_Stmt,Stmt_Function_Stmt,External_Stmt,Subroutine_Stmt,Use_Stmt
Where_Body_Construct,Equivalence_Stmt,Type_Declaration_Stmt,Namelist_Stmt,Type_Param_Def_Stmt,Common_Stmt,Function_Stmt,Derived_Type_Stmt,Interface_Stmt,Procedure_Declaration_Stmt,Stmt_Function_Stmt,External_Stmt,Subroutine_Stmt,Use_Stmt
Masked_Elsewhere_Stmt,Equivalence_Stmt,Type_Declaration_Stmt,Namelist_Stmt,Type_Param_Def_Stmt,Common_Stmt,Function_Stmt,Derived_Type_Stmt,Interface_Stmt,Procedure_Declaration_Stmt,Stmt_Function_Stmt,External_Stmt,Subroutine_Stmt,Use_Stmt
Elsewhere_Stmt,
End_Where_Stmt,
Where_Construct,Equivalence_Stmt,Type_Declaration_Stmt,Namelist_Stmt,Type_Param_Def_Stmt,Common_Stmt,Function_Stmt,Derived_Type_Stmt,Interface_Stmt,Procedure_Declaration_Stmt,Stmt_Function_Stmt,External_Stmt,Subroutine_Stmt,Use_Stmt
Forall_Body_Construct,Equivalence_Stmt,Type_Declaration_Stmt,Proc_Component_Def_Stmt,Namelist_Stmt,Type_Param_Def_Stmt,Common_Stmt,Data_Component_Def_Stmt,Function_Stmt,Derived_Type_Stmt,Interface_Stmt,Procedure_Declaration_Stmt,Stmt_Function_Stmt,External_Stmt,Subroutine_Stmt,Use_Stmt
End_Forall_Stmt,
Forall_Construct,Equivalence_Stmt,Type_Declaration_Stmt,Proc_Component_Def_Stmt,Namelist_Stmt,Type_Param_Def_Stmt,Common_Stmt,Data_Component_Def_Stmt,Function_Stmt,Derived_Type_Stmt,Interface_Stmt,Procedure_Declaration_Stmt,Stmt_Function_Stmt,External_Stmt,Subroutine_Stmt,Use_Stmt
If_Then_Stmt,Equivalence_Stmt,Type_Declaration_Stmt,Namelist_Stmt,Type_Param_Def_Stmt,Common_Stmt,Function_Stmt,Derived_Type_Stmt,Interface_Stmt,Procedure_Declaration_Stmt,Stmt_Function_Stmt,External_Stmt,Subroutine_Stmt,Use_Stmt
Block,Type_Declaration_Stmt,Proc_Component_Def_Stmt,Namelist_Stmt,Type_Param_Def_Stmt,Common_Stmt,Data_Component_Def_Stmt,Function_Stmt,Derived_Type_Stmt,Do_Stmt,Label_Do_Stmt,External_Stmt,Interface_Stmt,Procedure_Declaration_Stmt,Equivalence_Stmt,Stmt_Function_Stmt,Subroutine_Stmt,Use_Stmt
Else_If_Stmt,Equivalence_Stmt,Type_Declaration_Stmt,Namelist_Stmt,Type_Param_Def_Stmt,Common_Stmt,Function_Stmt,Derived_Type_Stmt,Interface_Stmt,Procedure_Declaration_Stmt,Stmt_Function_Stmt,External_Stmt,Subroutine_Stmt,Use_Stmt
Else_Stmt,
End_If_Stmt,
If_Construct,Type_Declaration_Stmt,Proc_Component_Def_Stmt,Namelist_Stmt,Type_Param_Def_Stmt,Common_Stmt,Data_Component_Def_Stmt,Function_Stmt,Derived_Type_Stmt,Do_Stmt,Label_Do_Stmt,External_Stmt,Interface_Stmt,Procedure_Declaration_Stmt,Equivalence_Stmt,Stmt_Function_Stmt,Subroutine_Stmt,Use_Stmt
Select_Type_Stmt,Equivalence_Stmt,Type_Declaration_Stmt,Namelist_Stmt,Type_Param_Def_Stmt,Common_Stmt,Function_Stmt,Derived_Type_Stmt,Interface_Stmt,Procedure_Declaration_Stmt,Stmt_Function_Stmt,External_Stmt,Subroutine_Stmt,Use_Stmt
Type_Guard_Stmt,Equivalence_Stmt,Type_Declaration_Stmt,Namelist_Stmt,Type_Param_Def_Stmt,Common_Stmt,Function_Stmt,Derived_Type_Stmt,Interface_Stmt,Procedure_Declaration_Stmt,Stmt_Function_Stmt,External_Stmt,Subroutine_Stmt,Use_Stmt
End_Select_Type_Stmt,
Select_Type_Construct,Type_Declaration_Stmt,Proc_Component_Def_Stmt,Namelist_Stmt,Type_Param_Def_Stmt,Common_Stmt,Data_Component_Def_Stmt,Function_Stmt,Derived_Type_Stmt,Do_Stmt,Label_Do_Stmt,External_Stmt,Interface_Stmt,Procedure_Declaration_Stmt,Equivalence_Stmt,Stmt_Function_Stmt,Subroutine_Stmt,Use_Stmt
Executable_Construct,Type_Declaration_Stmt,Proc_Component_Def_Stmt,Namelist_Stmt,Type_Param_Def_Stmt,Common_Stmt,Data_Component_Def_Stmt,Function_Stmt,Derived_Type_Stmt,Do_Stmt,Label_Do_Stmt,External_Stmt,Interface_Stmt,Procedure_Declaration_Stmt,Equivalence_Stmt,Stmt_Function_Stmt,Subroutine_Stmt,Use_Stmt
Execution_Part_Construct,Type_Declaration_Stmt,Proc_Component_Def_Stmt,Namelist_Stmt,Type_Param_Def_Stmt,Common_Stmt,Data_Component_Def_Stmt,Function_Stmt,Derived_Type_Stmt,Do_Stmt,Label_Do_Stmt,External_Stmt,Interface_Stmt,Procedure_Declaration_Stmt,Equivalence_Stmt,Stmt_Function_Stmt,Subroutine_Stmt,Use_Stmt
Case_Construct,Type_Declaration_Stmt,Proc_Component_Def_Stmt,Namelist_Stmt,Type_Param_Def_Stmt,Common_Stmt,Data_Component_Def_Stmt,Function_Stmt,Derived_Type_Stmt,Do_Stmt,Label_Do_Stmt,External_Stmt,Interface_Stmt,Procedure_Declaration_Stmt,Equivalence_Stmt,Stmt_Function_Stmt,Subroutine_Stmt,Use_Stmt
Executable_Construct_C201,Type_Declaration_Stmt,Proc_Component_Def_Stmt,Namelist_Stmt,Type_Param_Def_Stmt,Common_Stmt,Data_Component_Def_Stmt,Function_Stmt,Derived_Type_Stmt,Do_Stmt,Label_Do_Stmt,External_Stmt,Interface_Stmt,Procedure_Declaration_Stmt,Equivalence_Stmt,Stmt_Function_Stmt,Subroutine_Stmt,Use_Stmt
Execution_Part_Construct_C201,Type_Declaration_Stmt,Proc_Component_Def_Stmt,Namelist_Stmt,Type_Param_Def_Stmt,Common_Stmt,Data_Component_Def_Stmt,Function_Stmt,Derived_Type_Stmt,Do_Stmt,Label_Do_Stmt,External_Stmt,Interface_Stmt,Procedure_Declaration_Stmt,Equivalence_Stmt,Stmt_Function_Stmt,Subroutine_Stmt,Use_Stmt
Execution_Part,Type_Declaration_Stmt,Proc_Component_Def_Stmt,Namelist_Stmt,Type_Param_Def_Stmt,Common_Stmt,Data_Component_Def_Stmt,Function_Stmt,Derived_Type_Stmt,Do_Stmt,Label_Do_Stmt,External_Stmt,Interface_Stmt,Procedure_Declaration_Stmt,Equivalence_Stmt,Stmt_Function_Stmt,Subroutine_Stmt,Use_Stmt
Function_Subprogram,Type_Declaration_Stmt,Proc_Component_Def_Stmt,Namelist_Stmt,Type_Param_Def_Stmt,Common_Stmt,Data_Component_Def_Stmt,Function_Stmt,Derived_Type_Stmt,Do_Stmt,Label_Do_Stmt,External_Stmt,Interface_Stmt,Procedure_Declaration_Stmt,Equivalence_Stmt,Stmt_Function_Stmt,Subroutine_Stmt,Use_Stmt
Subroutine_Subprogram,Type_Declaration_Stmt,Proc_Component_Def_Stmt,Namelist_Stmt,Type_Param_Def_Stmt,Common_Stmt,Data_Component_Def_Stmt,Function_Stmt,Derived_Type_Stmt,Do_Stmt,Label_Do_Stmt,External_Stmt,Interface_Stmt,Procedure_Declaration_Stmt,Equivalence_Stmt,Stmt_Function_Stmt,Subroutine_Stmt,Use_Stmt
Internal_Subprogram,Type_Declaration_Stmt,Proc_Component_Def_Stmt,Namelist_Stmt,Type_Param_Def_Stmt,Common_Stmt,Data_Component_Def_Stmt,Function_Stmt,Derived_Type_Stmt,Do_Stmt,Label_Do_Stmt,External_Stmt,Interface_Stmt,Procedure_Declaration_Stmt,Equivalence_Stmt,Stmt_Function_Stmt,Subroutine_Stmt,Use_Stmt
Internal_Subprogram_Part,Type_Declaration_Stmt,Proc_Component_Def_Stmt,Namelist_Stmt,Type_Param_Def_Stmt,Common_Stmt,Data_Component_Def_Stmt,Function_Stmt,Derived_Type_Stmt,Do_Stmt,Label_Do_Stmt,External_Stmt,Interface_Stmt,Procedure_Declaration_Stmt,Equivalence_Stmt,Stmt_Function_Stmt,Subroutine_Stmt,Use_Stmt
End_Program_Stmt,
Main_Program,Type_Declaration_Stmt,Proc_Component_Def_Stmt,Namelist_Stmt,Type_Param_Def_Stmt,Common_Stmt,Data_Component_Def_Stmt,Function_Stmt,Derived_Type_Stmt,Do_Stmt,Label_Do_Stmt,External_Stmt,Interface_Stmt,Procedure_Declaration_Stmt,Equivalence_Stmt,Stmt_Function_Stmt,Subroutine_Stmt,Use_Stmt
External_Subprogram,Type_Declaration_Stmt,Proc_Component_Def_Stmt,Namelist_Stmt,Type_Param_Def_Stmt,Common_Stmt,Data_Component_Def_Stmt,Function_Stmt,Derived_Type_Stmt,Do_Stmt,Label_Do_Stmt,External_Stmt,Interface_Stmt,Procedure_Declaration_Stmt,Equivalence_Stmt,Stmt_Function_Stmt,Subroutine_Stmt,Use_Stmt
Module_Stmt,
Module_Subprogram,Type_Declaration_Stmt,Proc_Component_Def_Stmt,Namelist_Stmt,Type_Param_Def_Stmt,Common_Stmt,Data_Component_Def_Stmt,Function_Stmt,Derived_Type_Stmt,Do_Stmt,Label_Do_Stmt,External_Stmt,Interface_Stmt,Procedure_Declaration_Stmt,Equivalence_Stmt,Stmt_Function_Stmt,Subroutine_Stmt,Use_Stmt
Module_Subprogram_Part,Type_Declaration_Stmt,Proc_Component_Def_Stmt,Namelist_Stmt,Type_Param_Def_Stmt,Common_Stmt,Data_Component_Def_Stmt,Function_Stmt,Derived_Type_Stmt,Do_Stmt,Label_Do_Stmt,External_Stmt,Interface_Stmt,Procedure_Declaration_Stmt,Equivalence_Stmt,Stmt_Function_Stmt,Subroutine_Stmt,Use_Stmt
End_Module_Stmt,
Module,Type_Declaration_Stmt,Proc_Component_Def_Stmt,Namelist_Stmt,Type_Param_Def_Stmt,Common_Stmt,Data_Component_Def_Stmt,Function_Stmt,Derived_Type_Stmt,Do_Stmt,Label_Do_Stmt,External_Stmt,Interface_Stmt,Procedure_Declaration_Stmt,Equivalence_Stmt,Stmt_Function_Stmt,Subroutine_Stmt,Use_Stmt
Block_Data_Stmt,
End_Block_Data_Stmt,
Block_Data,Equivalence_Stmt,Type_Declaration_Stmt,Namelist_Stmt,Type_Param_Def_Stmt,Common_Stmt,Function_Stmt,Derived_Type_Stmt,Interface_Stmt,Procedure_Declaration_Stmt,Stmt_Function_Stmt,External_Stmt,Subroutine_Stmt,Use_Stmt
Program_Unit,Type_Declaration_Stmt,Proc_Component_Def_Stmt,Namelist_Stmt,Type_Param_Def_Stmt,Common_Stmt,Data_Component_Def_Stmt,Function_Stmt,Derived_Type_Stmt,Do_Stmt,Label_Do_Stmt,External_Stmt,Interface_Stmt,Procedure_Declaration_Stmt,Equivalence_Stmt,Stmt_Function_Stmt,Subroutine_Stmt,Use_Stmt
Program,Type_Declaration_Stmt,Proc_Component_Def_Stmt,Namelist_Stmt,Type_Param_Def_Stmt,Common_Stmt,Data_Component_Def_Stmt,Function_Stmt,Derived_Type_Stmt,Do_Stmt,Label_Do_Stmt,External_Stmt,Interface_Stmt,Procedure_Declaration_Stmt,Equivalence_Stmt,Stmt_Function_Stmt,Subroutine_Stmt,Use_Stmt
Program_Name,PASS
Name,
Object_Name,PASS
Part_Name,PASS
Scalar_Variable_Name,PASS
Int_Variable,
Type_Name,PASS
Procedure_Component_Name,PASS
Procedure_Name,PASS
Binding_Name,PASS
Type_Param_Name,PASS
Entry_Name,PASS
Type_Param_Name_List,PASS
Component_Name,PASS
Interface_Name,PASS
Arg_Name,PASS
Procedure_Entity_Name,PASS
Binding_Name_List,PASS
Final_Subroutine_Name_List,PASS
Final_Subroutine_Name,PASS
Function_Name,PASS
Subroutine_Name,PASS
Procedure_Name_List,PASS
Object_Name_List,PASS
Entity_Name,PASS
Common_Block_Name,PASS
Proc_Pointer_Name,PASS
Variable_Name,PASS
Array_Name,PASS
External_Name_List,PASS
External_Name,PASS
Intrinsic_Procedure_Name_List,PASS
Intrinsic_Procedure_Name,PASS
Proc_Entity_Name,PASS
Entity_Name_List,PASS
Do_Construct_Name,PASS
Index_Name,PASS
Associate_Construct_Name,PASS
Associate_Name,PASS
Case_Construct_Name,PASS
Forall_Construct_Name,PASS
Where_Construct_Name,PASS
If_Construct_Name,PASS
Select_Construct_Name,PASS
Block_Data_Name,PASS
